Date,ASBN,CCBN,HSBK,KCEL,KEGC,KZTK,KZTO,KZAP
2021-01-05,3.0,212.13,122.64,2751.0,1700.0,26800.0,985.06,7587.0
2021-01-06,3.0,215.6,122.6,2760.0,1699.0,26510.0,986.5,7549.0
2021-01-08,3.0,214.99,126.0,2785.0,1700.0,26407.77,994.88,8000.0
2021-01-11,3.0,213.0,127.5,2815.0,1701.0,26345.01,994.04,8050.0
2021-01-12,3.2,215.61,127.92,2839.99,1697.99,26400.0,1025.0,8100.0
2021-01-13,3.0,214.98,129.78,2840.0,1698.0,26400.0,1033.0,8000.0
2021-01-14,3.08,214.8,138.85,2839.98,1699.89,26478.99,1043.99,7995.0
2021-01-15,3.2,214.0,138.99,2830.0,1698.97,26299.99,1049.97,7900.0
2021-01-18,3.2,214.0,134.3,2840.0,1699.0,26285.0,1044.99,7750.02
2021-01-19,3.2,210.9,136.05,2830.0,1700.79,26086.0,1027.21,7710.0
2021-01-20,3.25,207.06,135.1,2830.0,1692.0,26188.08,1001.0,7510.0
2021-01-21,3.2,206.2,134.35,2840.0,1699.99,25730.0,998.0,7687.0
2021-01-22,3.24,211.0,132.5,2820.0,1693.0,26365.99,996.99,7650.0
2021-01-25,3.4,209.19,135.65,2838.0,1690.0,25856.02,994.49,7625.0
2021-01-26,3.9,209.01,133.3,2815.5,1693.0,25750.06,1000.0,7560.0
2021-01-27,3.66,209.17,134.49,2835.0,1685.0,26050.01,999.96,7605.0
2021-01-28,3.9,205.84,132.48,2817.0,1692.51,26270.96,989.99,7699.0
2021-01-29,3.95,210.0,134.0,2839.9,1690.0,26015.07,996.0,7499.99
2021-02-01,4.09,207.0,134.0,2815.0,1685.21,26249.83,987.02,7580.0
2021-02-02,4.35,211.1,134.15,2690.0,1689.99,26288.99,992.58,7829.0
2021-02-03,4.41,210.0,133.87,2600.0,1693.0,26293.97,993.19,7790.0
2021-02-04,4.5,211.2,133.8,2560.0,1685.12,26800.0,987.65,7993.64
2021-02-05,4.5,211.0,137.0,2560.0,1691.9,27500.0,990.01,7906.0
2021-02-08,4.5,210.9,138.0,2460.0,1680.1,27964.49,993.0,7930.0
2021-02-09,4.5,211.24,137.1,2470.0,1681.7,27191.98,992.0,7958.95
2021-02-10,4.5,211.2,137.11,2543.99,1689.9,27240.0,995.99,7750.0
2021-02-11,4.5,207.95,138.0,2500.0,1680.0,27239.99,1003.89,7990.0
2021-02-12,4.5,207.1,138.0,2510.0,1684.9,26720.0,1002.5,8061.0
2021-02-15,4.5,207.2,137.2,2500.0,1682.0,26700.01,1001.08,8628.0
2021-02-16,4.5,211.0,139.39,2518.97,1680.0,26650.0,1019.99,9350.0
2021-02-17,4.41,209.0,144.8,2490.0,1682.0,27045.0,1017.0,9651.01
2021-02-18,4.5,211.16,143.2,2510.0,1686.8,26900.0,1023.99,9401.0
2021-02-19,4.5,211.15,141.4,2498.0,1684.9,26888.96,1017.0,9195.0
2021-02-22,4.5,209.0,139.99,2500.0,1680.0,26860.0,1010.0,9208.01
2021-02-23,4.5,211.16,139.42,2500.0,1686.99,26570.0,1016.0,9388.0
2021-02-24,4.5,213.0,138.99,2480.0,1688.97,26900.0,1015.0,9299.0
2021-02-25,4.5,214.0,139.05,2450.01,1680.15,26999.0,1025.18,9220.0
2021-02-26,4.5,214.0,138.0,2456.0,1679.99,26999.0,1023.97,9289.0
2021-03-01,4.5,213.22,136.54,2478.18,1677.47,27000.0,1022.99,9328.89
2021-03-02,4.5,211.2,137.1,2475.0,1678.0,27270.0,1016.11,9499.0
2021-03-03,4.49,217.0,137.34,2379.3,1678.0,27100.02,1024.0,9500.0
2021-03-04,4.48,220.16,136.0,2410.0,1679.0,27294.0,1020.11,9650.01
2021-03-05,4.49,218.0,134.15,2385.0,1675.89,26901.01,1025.0,9597.99
2021-03-09,4.48,216.0,135.42,2419.0,1669.01,27199.0,1023.11,9598.0
2021-03-10,4.49,216.0,137.9,2417.0,1670.0,27194.0,1035.0,9665.99
2021-03-11,4.5,216.0,137.0,2400.5,1667.89,26804.0,1038.01,9600.0
2021-03-12,4.5,218.0,137.67,2379.0,1668.0,27000.0,1054.0,9668.99
2021-03-15,4.48,219.99,141.0,2379.0,1666.0,27100.0,1071.96,9700.0
2021-03-16,4.49,225.0,144.26,2379.02,1667.99,26909.98,1077.84,9820.03
2021-03-17,4.47,222.01,144.1,2380.0,1667.98,26900.0,1095.0,9805.01
2021-03-18,4.48,225.99,147.0,2379.0,1663.9,27000.0,1142.0,9970.0
2021-03-19,4.49,225.0,151.0,2370.0,1662.0,27100.0,1123.95,10700.0
2021-03-25,4.48,221.0,148.39,2379.0,1664.95,26652.0,1100.02,10400.0
2021-03-26,4.47,227.0,148.17,2390.0,1664.73,26890.0,1100.0,10250.01
2021-03-29,4.5,232.78,151.5,2390.0,1664.84,26895.0,1106.96,10510.0
2021-03-30,4.5,236.9,150.97,2385.0,1664.99,26900.0,1109.99,10550.0
2021-03-31,4.5,235.6,150.24,2398.0,1677.11,27040.0,1117.0,10599.91
2021-04-01,4.5,236.0,152.0,2398.0,1689.95,27186.0,1120.0,10800.0
2021-04-02,4.5,235.0,152.74,2380.0,1691.78,27298.0,1118.49,10920.0
2021-04-05,4.5,236.0,152.72,2397.0,1680.03,27489.0,1107.02,10940.0
2021-04-06,4.5,233.51,152.6,2400.0,1680.19,27300.01,1117.0,11638.42
2021-04-07,4.5,236.88,152.75,2419.0,1688.93,27469.0,1106.0,11981.0
2021-04-08,4.5,235.0,154.0,2406.0,1685.0,27394.0,1110.0,11980.0
2021-04-09,4.49,235.0,153.0,2446.0,1689.99,27319.0,1111.0,12775.79
2021-04-12,4.5,232.17,156.0,2461.7,1696.0,27500.0,1116.99,13339.98
2021-04-13,4.5,234.0,154.5,2460.0,1705.0,27601.0,1118.99,13379.99
2021-04-14,4.5,236.87,155.59,2473.0,1707.0,27600.0,1117.96,12002.02
2021-04-15,4.5,235.49,155.48,2498.5,1720.1,27850.0,1120.0,12490.0
2021-04-16,4.5,234.0,158.0,2478.02,1720.1,28839.98,1127.0,12840.0
2021-04-19,4.5,232.01,158.0,2499.0,1709.92,28839.0,1127.0,12688.0
2021-04-20,4.5,233.0,157.3,2541.0,1716.0,29250.0,1125.0,12832.0
2021-04-21,4.5,233.0,157.45,2549.85,1722.0,29511.0,1119.2,12355.0
2021-04-22,4.5,236.0,149.0,2540.2,1721.0,30003.01,1111.5,12492.0
2021-04-23,4.5,234.5,146.8,2535.0,1720.0,30797.0,1120.0,12499.0
2021-04-26,4.5,231.11,148.92,2549.0,1720.99,30275.0,1120.01,12295.0
2021-04-27,4.5,231.0,148.0,2541.0,1721.0,30300.0,1124.97,12203.03
2021-04-28,4.5,233.99,149.0,2538.0,1725.0,30380.0,1127.31,12057.0
2021-04-29,4.5,233.5,152.0,2530.0,1732.14,30170.0,1132.69,12100.0
2021-04-30,4.5,232.2,153.0,2541.0,1739.1,30000.0,1129.99,12097.99
2021-05-04,4.49,230.6,153.5,2547.8,1743.25,29399.96,1139.97,12489.5
2021-05-05,4.48,233.5,153.0,2536.0,1741.0,29600.0,1142.0,12438.99
2021-05-06,4.5,234.46,153.0,2520.0,1747.5,29599.0,1154.96,12420.0
2021-05-11,4.5,235.5,156.3,2538.0,1746.98,29549.99,1150.0,13050.0
2021-05-12,4.5,240.0,155.9,2541.0,1761.3,29000.0,1190.0,12987.0
2021-05-13,4.5,246.77,154.0,2546.0,1771.0,28870.0,1170.0,12645.0
2021-05-14,4.5,247.0,153.0,2539.31,1775.07,29133.99,1195.0,12475.0
2021-05-17,4.5,251.29,153.77,2545.0,1785.0,28876.03,1203.0,12751.0
2021-05-18,4.5,254.0,153.25,2619.99,1794.0,29079.76,1207.0,12807.0
2021-05-19,4.5,253.5,154.1,2610.0,1804.77,29079.97,1208.81,12857.0
2021-05-20,4.5,253.0,154.0,2600.0,1794.0,29079.97,1209.9,12900.0
2021-05-21,4.5,251.32,156.97,2598.99,1785.5,28899.99,1213.69,13051.01
2021-05-24,4.5,251.31,160.0,2569.0,1786.0,28998.0,1214.0,13020.0
2021-05-25,4.5,246.0,162.06,2564.0,1786.0,28999.0,1219.0,12945.0
2021-05-26,4.5,249.5,163.05,2564.97,1785.0,28460.01,1217.68,12916.57
2021-05-27,4.5,249.0,162.0,2549.5,1768.98,28494.96,1214.16,13080.0
2021-05-28,4.5,250.0,168.9,2553.3,1766.89,28010.0,1215.0,13120.0
2021-05-31,4.5,249.99,170.5,2522.16,1760.0,28145.65,1215.99,13394.0
2021-06-01,4.5,246.25,168.99,2480.0,1760.0,28199.0,1231.0,13200.0
2021-06-02,4.5,250.0,169.0,2480.0,1755.0,28480.0,1239.0,13276.0
2021-06-03,4.5,250.0,169.0,2504.88,1755.0,28840.0,1269.99,13298.99
2021-06-04,4.5,250.0,170.9,2544.89,1753.0,28602.0,1272.0,13297.99
2021-06-07,4.5,250.0,171.54,2524.93,1765.0,28847.9,1273.9,13298.88
2021-06-08,4.5,250.0,175.0,2516.0,1757.0,28500.0,1268.9,13300.0
2021-06-09,4.5,250.0,175.0,2519.8,1750.5,28425.04,1153.0,13150.0
2021-06-10,4.5,250.0,176.0,2500.0,1742.0,28694.95,1187.0,13465.0
2021-06-11,4.5,250.6,172.02,2514.0,1759.0,28500.0,1155.0,13599.19
2021-06-14,4.5,251.32,170.85,2518.9,1744.0,28550.0,1110.0,13580.0
2021-06-15,4.5,251.0,171.0,2520.0,1751.0,28800.0,1093.98,13500.0
2021-06-16,4.5,251.0,171.0,2542.0,1750.0,28802.0,1100.99,13598.99
2021-06-17,4.5,250.5,169.6,2524.99,1749.8,29116.01,1110.0,13589.0
2021-06-18,4.5,250.0,167.0,2511.2,1741.06,29650.0,1109.99,13588.0
2021-06-21,4.5,250.0,169.0,2502.0,1745.0,29988.0,1099.0,13470.0
2021-06-22,4.5,250.01,169.5,2500.0,1745.0,29950.0,1109.0,13477.98
2021-06-23,4.5,253.0,170.0,2501.0,1748.0,29811.01,1107.0,12965.0
2021-06-24,4.5,253.0,170.0,2499.7,1749.0,30401.0,1111.32,12951.0
2021-06-25,4.5,248.12,168.7,2445.0,1736.0,30390.0,1116.0,13013.0
2021-06-28,4.5,250.0,170.0,2420.0,1741.0,30795.0,1103.1,13400.0
2021-06-29,4.5,249.99,166.0,2395.0,1743.99,32100.0,1102.0,13115.0
2021-06-30,4.5,248.2,167.99,2335.0,1747.0,31500.0,1105.0,13290.0
2021-07-01,4.5,249.0,167.76,2302.01,1749.0,30902.0,1100.01,12997.0
2021-07-02,4.5,250.79,168.2,2257.01,1748.0,31500.0,1097.5,13224.54
2021-07-03,4.5,251.0,168.0,2214.0,1747.0,31499.0,,
2021-07-07,4.5,251.0,167.98,2196.23,1740.0,31002.11,1100.0,13150.0
2021-07-08,4.5,250.0,167.0,2184.0,1744.9,31299.9,1105.0,12690.0
2021-07-09,4.5,252.0,164.4,2174.0,1749.2,30990.0,1100.0,12700.0
2021-07-12,4.5,248.01,160.26,2145.01,1740.0,30611.0,1057.0,12053.0
2021-07-13,4.5,249.0,161.0,2113.5,1749.32,30855.0,1083.0,12000.0
2021-07-14,4.5,250.0,160.0,2048.8,1750.0,30300.0,1082.95,12335.0
2021-07-15,4.5,249.99,160.0,1985.0,1750.0,30200.02,1081.99,12330.0
2021-07-16,4.5,249.0,163.01,1940.0,1758.0,30590.0,1096.0,12415.0
2021-07-19,4.5,250.0,161.0,1908.0,1764.47,30600.0,1083.01,12348.99
2021-07-21,4.5,248.0,161.5,1847.0,1775.7,30600.0,1080.0,11900.0
2021-07-22,4.5,250.0,161.1,1784.0,1775.7,30030.0,1089.67,12115.1
2021-07-23,4.5,246.11,159.99,1768.11,1775.7,30040.0,1089.0,11800.0
2021-07-26,4.5,252.35,160.77,1725.0,1774.0,30499.0,1089.0,11337.97
2021-07-27,4.5,246.51,160.99,1715.0,1772.0,29905.0,1088.88,11000.01
2021-07-28,4.5,250.0,161.02,1661.5,1776.9,30300.0,1088.82,11177.77
2021-07-29,4.43,249.0,161.8,1629.0,1785.68,30300.0,1094.83,11611.0
2021-07-30,4.5,249.0,162.5,1595.0,1773.0,30000.01,1089.99,11700.0
2021-08-02,4.5,251.0,160.81,1534.0,1783.0,30101.1,1084.0,11689.0
2021-08-03,4.5,252.0,160.9,1561.0,1785.56,30250.0,1078.0,11648.0
2021-08-04,4.5,253.0,161.0,1561.51,1783.0,30100.0,1082.8,11478.99
2021-08-05,4.5,252.0,161.68,1580.3,1775.0,30379.0,1079.0,11163.05
2021-08-06,4.5,253.37,162.7,1590.0,1784.96,30377.0,1077.99,11480.0
2021-08-09,4.5,250.0,164.4,1514.2,1783.0,29897.0,1068.0,11555.0
2021-08-10,4.5,251.0,163.0,1453.01,1791.0,30007.0,1061.02,11394.99
2021-08-11,4.5,253.1,162.16,1437.0,1790.0,30140.0,1069.0,11348.76
2021-08-12,4.5,259.05,162.97,1524.0,1789.9,31277.0,1072.0,11290.06
2021-08-13,4.5,269.85,170.0,1503.7,1798.85,30801.05,1069.55,11329.48
2021-08-16,4.5,277.07,169.73,1438.3,1800.0,32342.0,1062.0,11155.0
2021-08-17,4.5,277.07,170.5,1381.5,1804.99,32500.0,1060.01,10900.0
2021-08-18,4.5,279.0,170.0,1337.0,1805.01,33269.0,1056.99,11099.96
2021-08-19,4.5,274.5,168.99,1284.31,1815.98,33499.0,1035.0,10501.0
2021-08-20,4.5,281.19,170.0,1312.0,1802.01,32535.0,1020.09,10354.8
2021-08-23,4.5,283.24,173.0,1254.0,1806.0,33300.0,1027.84,10250.15
2021-08-24,4.5,286.34,175.01,1203.0,1817.9,33400.0,1022.9,11300.0
2021-08-25,4.5,286.0,180.82,1207.02,1807.23,33976.99,1027.48,11189.67
2021-08-26,4.5,286.33,180.0,1248.0,1809.95,33978.9,1026.0,11240.0
2021-08-27,4.5,285.0,180.0,1345.0,1814.98,33501.0,1029.0,11180.0
2021-08-31,4.5,288.0,180.1,1340.0,1808.08,33940.0,1021.9,12019.3
2021-09-01,4.5,290.0,180.51,1370.0,1814.0,33950.0,1020.0,12099.99
2021-09-02,4.5,288.0,186.0,1383.0,1819.49,34352.0,1032.0,12060.0
2021-09-03,4.5,290.46,185.95,1370.0,1820.0,34989.87,1038.0,12936.0
2021-09-06,4.5,294.0,185.0,1314.9,1828.1,35000.0,1052.0,13155.0
2021-09-07,4.5,294.56,184.07,1267.0,1825.0,35000.0,1049.96,13750.0
2021-09-08,4.5,294.0,186.0,1267.0,1848.3,34350.0,1058.0,14098.0
2021-09-09,4.5,294.5,186.6,1272.05,1846.0,34699.89,1067.0,14050.0
2021-09-10,4.5,291.7,186.0,1241.2,1847.98,35000.0,1070.0,13800.0
2021-09-13,4.5,298.0,184.89,1241.2,1844.0,35000.0,1079.0,15498.0
2021-09-14,4.5,295.01,185.1,1246.05,1853.35,34504.0,1080.14,16000.0
2021-09-15,4.5,299.0,183.5,1270.1,1860.42,34300.0,1085.0,16665.5
2021-09-16,4.5,303.0,183.5,1288.02,1860.0,34199.0,1070.0,17585.0
2021-09-17,4.5,305.9,184.94,1341.0,1860.2,34000.0,1073.0,16853.0
2021-09-20,4.5,301.0,183.37,1344.79,1864.0,34089.99,1069.94,15575.0
2021-09-21,4.5,305.0,182.05,1356.94,1864.0,33740.0,1067.99,15850.0
2021-09-22,4.5,305.0,183.96,1354.84,1865.0,33551.14,1063.63,16100.0
2021-09-23,4.5,298.5,183.5,1300.8,1864.99,33650.0,1073.99,16190.0
2021-09-24,4.5,297.0,182.51,1300.9,1868.0,34050.0,1075.0,16000.0
2021-09-27,4.5,301.0,182.02,1338.98,1868.5,34090.0,1070.0,15849.0
2021-09-28,4.5,301.5,182.5,1300.9,1868.5,33602.0,1070.0,15890.0
2021-09-29,4.5,298.0,182.5,1300.0,1870.01,34850.0,1064.0,15800.0
2021-09-30,4.5,297.21,182.52,1319.0,1873.0,34700.01,1073.0,15700.0
2021-10-01,4.5,302.0,182.13,1342.99,1873.5,35000.02,1076.0,15949.0
2021-10-04,4.5,300.0,182.55,1277.0,1873.55,35132.03,1075.0,15870.0
2021-10-05,4.5,303.0,182.7,1277.0,1875.0,35750.0,1089.89,16045.0
2021-10-06,4.5,301.0,183.15,1270.0,1875.0,35400.0,1085.0,16000.0
2021-10-07,4.5,309.0,181.5,1300.0,1888.7,35555.0,1083.0,16048.0
2021-10-08,4.5,309.0,182.22,1309.93,1888.7,35840.0,1093.98,16315.0
2021-10-11,4.5,305.0,183.4,1307.66,1889.71,35650.01,1099.0,16389.65
2021-10-12,4.5,308.48,193.63,1315.0,1891.0,36498.0,1093.0,16450.0
2021-10-13,4.5,309.0,196.06,1332.0,1898.8,36350.0,1094.97,18100.0
2021-10-14,4.5,305.0,197.0,1470.0,1898.8,36450.0,1094.48,18900.0
2021-10-15,4.5,309.0,195.99,1491.96,1898.8,36300.0,1094.11,18827.99
2021-10-18,4.5,312.99,193.99,1525.0,1897.0,36450.0,1095.0,19985.0
2021-10-19,4.5,316.0,195.56,1553.0,1898.8,36350.0,1096.95,19552.0
2021-10-20,4.5,321.55,196.0,1574.99,1898.0,36350.0,1094.0,19500.0
2021-10-21,4.5,321.01,196.0,1585.0,1890.0,36300.0,1092.0,19500.0
2021-10-22,4.5,321.26,195.49,1621.0,1899.8,36399.99,1089.07,19849.89
2021-10-25,4.5,322.38,196.0,1669.98,1899.81,36349.99,1089.0,19400.0
2021-10-26,4.5,334.5,196.9,1702.5,1899.05,36201.0,1088.0,19501.0
2021-10-27,4.5,332.0,196.6,1714.0,1893.0,36234.0,1096.0,19400.0
2021-10-28,4.5,332.69,197.66,1735.0,1898.99,36399.96,1093.5,18836.0
2021-10-29,4.5,332.0,197.51,1751.11,1895.0,36100.0,1095.7,18840.0
2021-11-01,4.5,332.64,197.44,1668.01,1899.81,36250.0,1094.49,18500.0
2021-11-02,4.5,312.0,197.45,1700.0,1925.0,36100.0,1095.0,18000.0
2021-11-03,4.5,324.44,197.0,1704.0,1908.9,36200.0,1095.0,17999.0
2021-11-04,4.5,324.44,198.39,1713.0,1892.0,36690.0,1094.99,19400.0
2021-11-05,4.5,340.0,199.5,1701.0,1882.0,36250.0,1093.74,19130.0
2021-11-08,4.5,340.0,200.9,1709.0,1890.0,36350.0,1097.74,19200.0
2021-11-09,4.5,344.98,200.97,1709.0,1875.0,36250.0,1095.0,19800.0
2021-11-10,4.5,345.05,200.8,1702.45,1870.0,36100.0,1099.96,19949.99
2021-11-11,4.5,340.01,200.0,1698.19,1865.03,36000.0,1104.9,19900.0
2021-11-12,4.5,347.0,202.0,1678.22,1878.0,36050.0,1100.0,20300.0
2021-11-15,4.5,347.0,202.89,1660.05,1879.0,36101.9,1105.0,20900.0
2021-11-16,4.5,347.49,201.39,1622.0,1880.0,36250.0,1117.55,20893.99
2021-11-17,4.5,350.2,198.08,1650.0,1880.0,36050.0,1139.8,20298.0
2021-11-18,4.5,351.0,200.4,1633.02,1888.0,36000.0,1167.69,20300.0
2021-11-19,4.5,350.0,190.0,1605.0,1875.0,36120.0,1177.0,19809.0
2021-11-22,4.5,347.02,185.1,1599.0,1874.01,36100.0,1159.98,19250.0
2021-11-23,4.5,356.0,184.9,1588.0,1885.0,36000.0,1149.0,18603.01
2021-11-24,4.5,356.0,186.5,1588.0,1892.73,36000.0,1147.0,19050.0
2021-11-25,4.5,356.38,186.9,1588.01,1890.0,36000.0,1148.0,19499.0
2021-11-26,4.5,357.0,185.0,1593.0,1889.89,35560.0,1140.0,18980.0
2021-11-29,4.5,361.0,183.57,1594.98,1876.01,35998.0,1130.0,19160.0
2021-11-30,4.5,353.01,183.67,1600.0,1889.92,35900.0,1129.98,18610.0
2021-12-02,4.5,360.0,189.99,1588.5,1889.0,35300.0,1129.94,18200.0
2021-12-03,4.5,365.0,189.3,1581.05,1889.0,36050.0,1120.0,18315.0
2021-12-06,4.5,369.77,187.5,1536.0,1863.0,35652.0,1080.0,17207.0
2021-12-07,4.5,371.0,190.83,1568.0,1874.98,35900.0,1104.01,18261.19
2021-12-08,4.5,371.0,183.01,1570.0,1872.0,35700.0,1110.1,17819.0
2021-12-09,,372.86,181.5,1571.0,1869.0,35501.0,1118.0,17500.0
2021-12-10,4.5,370.0,185.0,1600.0,1874.99,35600.0,1111.0,17488.0
2021-12-13,4.5,376.97,185.0,1615.0,1868.92,35900.0,1110.0,17200.0
2021-12-14,4.5,380.0,184.5,1610.0,1869.0,35899.0,1091.04,16200.0
2021-12-15,4.5,382.0,183.4,1611.0,1861.0,35900.0,1082.1,16089.0
2021-12-20,4.5,388.0,182.99,1595.0,1860.01,34900.0,1073.0,16339.98
2021-12-21,4.5,388.0,183.5,1611.97,1858.98,35000.0,1078.98,16226.0
2021-12-22,4.5,388.3,186.0,1614.99,1859.99,35449.0,1079.0,16500.0
2021-12-23,4.5,394.5,186.38,1620.0,1859.99,35909.0,1083.97,16699.0
2021-12-24,4.5,396.95,189.0,1612.22,1870.51,35500.0,1085.14,16686.0
2021-12-27,4.5,400.0,187.04,1619.0,1870.52,35750.0,1095.98,16899.9
2021-12-28,4.5,400.0,187.48,1616.98,1868.0,35700.0,1096.0,16850.0
2021-12-29,4.5,407.8,187.9,1626.92,1865.0,35899.0,1094.99,16887.0
2021-12-30,5.5,406.9,187.99,1627.91,1865.5,35750.0,1093.0,16550.0
2021-12-31,5.15,398.0,186.99,1626.91,1870.52,35800.0,1094.1,16890.0
2022-01-05,5.29,407.0,175.02,1625.0,1860.01,34864.18,1065.06,15715.0
2022-01-11,,400.0,177.0,1600.0,1869.0,34757.29,1071.19,17379.0
2022-01-12,4.5,401.0,170.0,1589.02,1855.0,35000.0,1071.2,17190.0
2022-01-13,5.3,404.9,169.9,1606.0,1859.97,35000.0,1064.0,16996.0
2022-01-14,5.25,397.0,163.99,1602.11,1859.0,35507.0,1073.0,16400.0
2022-01-17,5.39,396.0,146.0,1605.0,1855.01,34105.0,1052.0,15950.01
2022-01-18,5.46,397.0,152.5,1585.0,1855.01,34175.74,1062.0,15680.0
2022-01-19,5.49,396.0,146.66,1591.0,1858.0,34203.0,1056.9,15600.0
2022-01-20,5.5,396.98,146.95,1573.0,1855.0,34500.0,1054.5,16295.0
2022-01-21,5.48,396.95,145.99,1635.0,1854.4,35100.0,1046.5,15780.0
2022-01-24,5.5,395.6,143.0,1649.0,1857.0,35244.99,1036.0,14450.0
2022-01-25,5.48,394.0,139.96,1660.0,1857.0,34940.0,1035.0,14607.0
2022-01-26,5.49,394.49,141.0,1679.3,1855.0,34400.0,1070.0,14697.99
2022-01-27,5.49,404.79,146.99,1699.0,1857.0,34800.0,1105.0,14477.0
2022-01-28,5.5,393.0,157.0,1715.0,1853.02,35397.0,1099.99,14116.0
2022-01-31,5.5,403.0,152.99,1739.99,1862.0,35399.0,1129.0,14165.0
2022-02-01,5.44,393.0,147.3,1706.0,1860.0,34806.02,1100.0,14348.9
2022-02-02,5.32,394.99,150.8,1675.0,1863.0,34554.0,1098.05,14525.0
2022-02-03,5.33,388.01,152.95,1700.0,1871.52,35200.0,1099.99,14438.5
2022-02-04,5.45,397.0,154.0,1699.98,1865.44,35400.0,1101.0,14119.0
2022-02-07,5.47,395.0,157.99,1699.88,1871.5,34616.0,1096.0,14076.0
2022-02-08,5.5,395.79,155.5,1719.98,1855.0,35390.0,1099.0,14680.0
2022-02-09,5.37,396.0,160.0,1720.98,1857.0,34503.01,1098.01,14796.0
2022-02-10,5.45,397.54,163.0,1721.66,1860.0,34600.0,1107.0,15050.03
2022-02-11,5.49,397.0,159.46,1719.0,1860.0,34650.0,1111.94,15149.95
2022-02-14,5.5,396.5,155.01,1719.98,1859.9,34500.0,1105.0,14800.0
2022-02-15,5.49,397.56,157.01,1719.15,1853.0,34481.0,1100.0,14700.0
2022-02-16,5.48,389.11,157.55,1733.95,1865.0,34999.0,1102.41,15024.0
2022-02-17,5.5,390.0,156.42,1728.0,1854.0,34579.0,1106.0,14913.99
2022-02-18,5.5,397.55,154.96,1729.81,1853.0,35398.0,1107.9,14733.0
2022-02-21,5.48,394.9,153.9,1729.87,1850.01,35380.0,1100.55,14199.0
2022-02-22,5.4,381.0,141.25,1729.88,1853.0,34670.0,1084.0,13920.0
2022-02-23,5.5,385.0,146.75,1729.86,1857.04,34949.0,1094.0,14175.0
2022-02-24,5.49,376.0,136.98,1733.0,1853.0,34900.0,1055.0,13335.0
2022-02-25,5.48,379.99,147.99,1732.99,1871.45,34899.0,1045.45,14000.0
2022-02-28,5.48,375.0,133.99,1701.0,1853.0,31000.0,1050.0,14869.0
2022-03-01,5.5,375.0,134.9,1740.0,1860.0,32500.0,1050.03,14570.0
2022-03-02,5.48,375.01,124.9,1729.98,1856.0,32629.0,1010.0,13410.0
2022-03-03,5.48,375.5,114.0,1715.0,1855.0,31899.99,999.0,12600.0
2022-03-04,5.44,373.0,107.98,1717.95,1854.0,31790.0,979.0,12647.0
2022-03-05,5.45,379.99,112.99,1733.0,1852.0,30985.0,,
2022-03-09,5.47,380.0,120.5,1725.0,1849.0,30259.0,986.8,16170.0
2022-03-10,5.46,383.47,130.0,1720.0,1867.01,30500.0,985.99,16580.04
2022-03-11,5.47,379.0,126.99,1712.0,1863.97,30500.0,983.0,16699.96
2022-03-14,5.47,377.0,129.01,1696.99,1850.01,29899.0,965.0,16693.0
2022-03-15,5.48,375.97,129.97,1716.0,1860.0,29777.77,963.01,16500.0
2022-03-16,5.48,373.0,127.4,1690.06,1851.0,30399.99,966.59,16000.0
2022-03-17,5.46,376.99,128.3,1714.95,1851.0,30400.03,975.18,16000.0
2022-03-18,5.46,379.99,129.8,1710.0,1851.0,30699.99,975.99,16400.0
2022-03-24,5.47,380.99,127.49,1715.0,1850.0,30401.0,967.43,15900.0
2022-03-25,5.47,379.0,123.0,1698.9,1864.99,30499.0,962.9,15800.0
2022-03-28,5.0,384.19,126.0,1699.0,1866.95,31300.0,989.45,15729.0
2022-03-29,5.0,389.0,124.5,1700.0,1867.48,31000.0,1009.95,15440.0
2022-03-30,5.0,388.0,125.97,1684.64,1867.0,31100.0,1010.0,15198.99
2022-03-31,5.35,389.0,126.38,1712.0,1866.98,31050.0,1014.0,15100.0
2022-04-01,5.35,390.5,125.15,1699.99,1867.49,31300.0,1001.0,15305.0
2022-04-04,5.19,392.0,126.54,1695.0,1863.0,31299.0,990.0,14895.0
2022-04-05,5.2,394.99,125.95,1698.0,1859.0,30950.0,976.9,14901.0
2022-04-06,5.1,385.0,123.02,1589.0,1867.0,30800.0,975.99,14800.0
2022-04-07,5.05,391.4,121.4,1533.01,1859.0,30298.0,976.0,13996.0
2022-04-08,5.1,391.29,121.7,1549.99,1859.99,30500.0,971.99,14250.0
2022-04-11,4.99,384.0,119.99,1514.99,1707.0,30600.0,966.0,14852.0
2022-04-12,4.54,379.5,117.66,1540.0,1722.91,30499.5,958.99,14850.0
2022-04-13,4.99,383.99,115.72,1514.01,1675.0,30555.03,950.0,15000.0
2022-04-14,5.0,390.0,116.68,1529.0,1679.99,31497.99,948.99,15429.1
2022-04-15,5.0,383.0,118.05,1490.0,1670.0,31100.0,941.97,15525.02
2022-04-18,4.96,385.99,119.28,1494.8,1680.0,30669.0,869.0,15800.0
2022-04-19,4.97,388.99,118.15,1468.0,1681.65,31444.99,889.99,15696.98
2022-04-20,4.97,385.01,122.3,1459.98,1681.65,31400.0,888.0,15311.0
2022-04-21,4.9,389.99,121.91,1474.99,1679.34,31500.0,884.98,15500.0
2022-04-22,4.9,391.0,120.78,1435.99,1670.0,32200.0,878.78,15000.0
2022-04-25,4.8,393.4,117.0,1411.0,1673.37,31600.0,848.0,14201.0
2022-04-26,4.9,383.0,117.09,1411.0,1672.0,31899.97,845.0,14327.7
2022-04-27,4.8,390.0,115.99,1410.2,1672.67,31995.0,816.0,14230.0
2022-04-28,4.7,393.0,116.97,1410.07,1660.0,31190.0,792.01,14226.0
2022-04-29,4.69,394.49,116.99,1410.07,1668.6,30850.0,799.77,14126.0
2022-05-03,4.69,394.0,116.27,1370.5,1667.22,30790.0,765.31,13870.0
2022-05-04,4.64,394.49,113.2,1290.02,1668.6,30789.0,750.0,13739.99
2022-05-05,4.75,394.0,112.0,1250.0,1668.6,30790.0,753.0,13560.96
2022-05-06,4.5,391.39,112.29,1182.0,1662.0,30540.0,762.0,13571.05
2022-05-11,4.36,387.25,110.9,1208.0,1655.0,29902.92,762.99,12713.0
2022-05-12,4.0,387.18,109.7,1210.24,1663.1,29980.0,761.0,12713.39
2022-05-13,3.99,376.02,107.44,1201.02,1655.0,29868.99,759.7,12300.0
2022-05-16,3.89,325.01,109.55,1210.0,1668.6,29600.0,746.01,12360.25
2022-05-17,4.0,380.0,110.77,1210.0,1655.0,29500.05,750.92,12360.24
2022-05-18,4.0,380.0,110.77,1110.0,1664.9,29600.0,745.0,12370.0
2022-05-19,3.9,387.21,109.79,1050.0,1668.6,29800.0,749.99,12358.99
2022-05-20,3.97,387.21,107.5,999.0,1667.97,29801.11,748.98,12330.01
2022-05-23,3.98,387.17,108.99,1008.99,1665.0,29700.0,751.0,12300.01
2022-05-24,3.95,375.01,107.66,945.0,1660.0,29500.0,750.49,12360.0
2022-05-25,3.97,385.96,105.98,950.0,1650.01,29300.0,740.0,11520.0
2022-05-26,3.97,384.58,107.36,963.0,1641.25,29500.0,738.99,11603.48
2022-05-27,3.96,375.0,107.35,965.1,1641.25,29900.0,735.0,11879.98
2022-05-30,3.94,375.16,107.76,986.99,1637.0,29050.01,732.0,11865.0
2022-05-31,3.88,381.0,107.0,993.95,1641.25,29297.0,723.99,11800.0
2022-06-01,3.91,375.02,105.48,999.09,1641.25,28649.0,717.0,11865.0
2022-06-02,3.94,381.0,107.06,1015.0,1648.0,28000.0,700.0,11800.0
2022-06-03,3.93,380.86,107.0,1024.84,1641.0,27400.04,684.99,11855.73
2022-06-06,3.94,376.0,107.9,1027.0,1626.0,27895.0,682.99,12689.0
2022-06-07,3.94,383.48,108.81,1024.99,1628.99,27700.0,680.02,12621.0
2022-06-08,3.98,382.19,108.95,1029.07,1619.0,27416.0,679.75,12820.0
2022-06-09,3.96,382.0,112.0,1020.03,1618.99,27445.0,670.0,12800.0
2022-06-10,3.86,384.0,112.87,1029.97,1620.0,27800.0,660.01,12700.0
2022-06-13,3.9,385.86,110.88,1030.0,1612.0,27600.0,640.5,12733.0
2022-06-14,3.85,385.75,112.75,1045.44,1611.0,27630.0,654.32,12699.0
2022-06-15,3.81,378.0,113.14,1055.74,1615.98,27055.0,650.0,12059.0
2022-06-16,3.84,385.0,112.57,1055.73,1600.0,27000.03,650.0,12108.0
2022-06-17,3.81,395.0,111.59,1065.99,1602.0,27200.0,660.0,12197.0
2022-06-20,3.75,408.0,113.46,1061.0,1598.0,27000.0,650.0,12050.0
2022-06-21,3.8,408.11,114.24,1070.0,1613.0,26690.0,657.0,12130.0
2022-06-22,3.78,416.5,114.35,1072.0,1614.5,26700.0,659.98,12163.48
2022-06-23,3.78,417.0,114.56,1075.0,1613.2,26765.42,670.0,11950.0
2022-06-24,3.75,425.25,113.6,1075.89,1609.99,27088.88,670.53,11900.0
2022-06-27,3.79,420.0,113.9,1077.0,1600.0,26601.0,674.47,12780.0
2022-06-28,3.79,418.88,113.3,1091.78,1611.99,27099.99,675.0,12066.99
2022-06-29,3.75,419.9,114.45,1099.16,1610.0,,676.0,12156.0
2022-06-30,3.85,430.54,114.79,1095.0,1605.0,26999.98,685.0,12038.0
2022-07-01,3.78,427.11,114.5,1104.56,1600.03,27200.0,689.0,12108.0
2022-07-04,3.79,430.0,114.5,1099.85,1600.01,26816.0,695.0,12160.0
2022-07-05,3.79,436.71,113.95,1098.99,1606.98,27190.0,697.87,12743.67
2022-07-07,3.78,434.0,114.4,1083.0,1600.0,26601.11,696.99,12366.3
2022-07-08,3.77,436.7,113.99,1087.66,1601.0,27168.0,695.0,12400.61
2022-07-11,3.77,436.7,113.62,1095.75,1601.99,27300.0,708.0,12511.0
2022-07-12,3.63,439.0,112.89,1104.88,1608.39,27395.0,720.0,12498.99
2022-07-13,3.5,445.0,113.04,1104.75,1601.05,26627.87,725.0,11900.89
2022-07-14,3.74,450.1,111.0,1095.0,1607.99,27390.0,750.0,11965.85
2022-07-15,3.0,450.1,111.59,1093.63,1602.0,27349.0,755.55,11875.0
2022-07-18,3.05,444.01,112.87,1092.95,1610.9,27000.0,772.5,12027.0
2022-07-19,3.33,456.01,111.95,1093.96,1608.8,27100.0,790.02,12134.0
2022-07-20,3.39,460.0,111.99,1094.0,1609.99,27100.01,817.0,12650.0
2022-07-21,3.4,460.0,112.0,1110.0,1609.0,27428.9,844.37,13375.0
2022-07-22,3.38,460.0,112.47,1117.55,1611.0,27999.0,813.7,13974.0
2022-07-25,3.35,460.2,110.95,1121.0,1606.0,27222.22,807.99,13650.0
2022-07-26,3.35,460.41,111.2,1270.05,1609.0,28000.0,800.0,13750.0
2022-07-27,3.45,461.0,111.49,1400.0,1600.0,27561.11,806.2,13870.0
2022-07-28,3.75,471.99,111.99,1410.07,1598.0,27900.0,819.5,14200.0
2022-07-29,4.0,471.99,112.05,1450.0,1597.0,27900.0,821.0,14620.0
2022-08-01,3.57,471.97,112.44,1499.0,1595.7,27800.0,819.99,14594.0
2022-08-02,3.6,471.5,112.5,1513.0,1595.0,27562.0,815.0,14125.0
2022-08-03,3.7,472.75,112.0,1535.99,1592.99,27655.0,809.97,14014.0
2022-08-04,3.7,472.5,112.79,1547.99,1584.0,27800.0,809.79,14077.77
2022-08-05,3.78,472.5,111.0,1600.0,1592.0,27800.0,795.0,14097.0
2022-08-08,3.7,472.0,112.31,1675.0,1593.0,27562.0,787.08,14122.98
2022-08-09,3.72,472.75,113.3,1705.0,1595.67,27700.0,794.0,14070.5
2022-08-10,3.76,471.0,113.0,1702.0,1586.0,27897.8,781.15,13972.0
2022-08-11,3.74,480.0,112.5,1700.0,1593.0,27900.0,773.0,13981.0
2022-08-12,3.7,490.0,112.7,1699.92,1591.97,27899.0,782.0,13768.88
2022-08-15,3.65,480.0,113.0,1696.0,1583.0,27896.0,784.44,13701.0
2022-08-16,3.75,479.0,113.11,1694.0,1595.97,27900.0,779.99,13384.0
2022-08-17,3.75,480.0,117.25,1695.0,1597.82,27900.0,778.0,13400.01
2022-08-18,3.78,510.0,117.0,1685.0,1595.0,27899.0,783.95,13500.0
2022-08-19,3.78,525.29,124.87,1680.0,1593.9,27900.0,781.99,13419.7
2022-08-22,3.78,525.3,122.75,1677.0,1593.0,27480.0,773.0,13280.0
2022-08-23,3.78,520.09,127.0,1675.0,1592.88,27990.95,766.0,13499.0
2022-08-24,3.7,521.01,134.92,1657.0,1593.9,27700.0,751.06,13470.14
2022-08-25,3.7,525.0,133.99,1660.0,1592.89,27699.99,759.0,14300.0
2022-08-26,3.7,513.6,130.15,1652.0,1589.99,27699.99,757.98,14450.0
2022-08-31,3.8,527.0,128.97,1649.0,1592.5,28100.0,757.0,14987.0
2022-09-01,3.8,520.0,127.51,1639.99,1594.0,28350.0,759.0,14875.01
2022-09-02,3.69,528.38,125.23,1643.0,1595.8,28299.0,758.99,14425.0
2022-09-05,3.7,537.5,124.22,1630.41,1584.0,28223.0,750.0,14399.0
2022-09-06,3.7,561.28,122.02,1670.0,1580.0,28178.0,756.49,14450.0
2022-09-07,3.69,567.0,117.98,1649.67,1583.5,28100.0,746.99,14600.0
2022-09-08,3.69,598.49,121.1,1663.85,1584.0,28100.0,749.98,14828.99
2022-09-09,3.7,599.0,121.55,1663.8,1584.0,27800.05,747.0,14827.99
2022-09-12,3.7,601.51,120.95,1675.0,1585.0,28098.98,745.0,14950.0
2022-09-13,3.7,607.7,121.93,1658.15,1580.03,28877.0,705.01,15446.0
2022-09-14,3.69,605.0,121.14,1657.12,1582.76,28200.0,710.0,15050.0
2022-09-15,3.7,607.63,121.37,1624.98,1584.15,28500.0,717.99,15235.89
2022-09-16,3.79,604.5,120.9,1605.0,1583.0,28676.66,717.1,15100.0
2022-09-19,3.8,592.0,121.23,1605.0,1584.8,28300.0,715.99,15049.99
2022-09-20,3.7,597.0,124.0,1605.0,1584.0,28109.02,717.87,14800.0
2022-09-21,3.75,595.0,121.0,1590.06,1585.0,28387.99,715.99,14845.0
2022-09-22,3.75,594.97,122.66,1590.1,1584.99,28800.0,715.0,14400.0
2022-09-23,3.69,597.95,121.99,1583.0,1585.0,29780.0,713.0,14175.0
2022-09-26,3.69,591.12,121.5,1579.98,1584.99,29111.0,697.99,13402.0
2022-09-27,3.7,588.01,123.2,1564.0,1585.0,29120.02,693.56,13402.5
2022-09-28,3.69,589.6,122.39,1562.98,1580.97,29123.01,694.0,13624.99
2022-09-29,3.7,596.99,122.69,1552.02,1580.97,29345.0,691.99,13600.0
2022-09-30,4.0,589.0,122.01,1553.0,1581.99,29156.0,692.99,13722.0
2022-10-03,3.8,596.99,122.5,1610.0,1581.99,29200.0,689.0,13115.0
2022-10-04,3.7,600.77,125.86,1557.5,1582.0,29475.0,683.0,13390.0
2022-10-05,3.7,615.0,126.25,1557.01,1583.0,29400.0,675.0,13400.0
2022-10-06,3.7,630.0,126.5,1558.32,1585.0,29550.0,675.0,13800.0
2022-10-07,3.75,620.11,127.55,1555.16,1585.0,29400.0,684.94,13800.0
2022-10-10,3.7,633.0,127.13,1535.0,1585.0,29400.0,684.5,13600.01
2022-10-11,3.7,643.0,126.0,1550.0,1585.0,29449.99,689.85,13400.0
2022-10-12,3.7,642.0,127.29,1538.0,1583.5,29350.0,689.2,13435.0
2022-10-13,3.71,644.49,127.2,1538.0,1580.01,29499.92,692.99,13550.5
2022-10-14,3.7,638.04,127.79,1530.0,1581.0,29205.0,697.98,13670.8
2022-10-17,3.7,645.87,129.75,1530.08,1581.15,29250.0,697.0,13369.25
2022-10-18,3.69,637.0,128.2,1531.5,1580.0,29300.23,696.99,13549.34
2022-10-19,3.69,626.01,128.84,1530.0,1579.0,29668.99,696.49,13318.8
2022-10-20,3.7,623.99,130.22,1531.13,1579.0,29669.97,697.0,13268.3
2022-10-21,3.69,631.0,118.05,1542.99,1579.0,30384.99,695.0,13257.0
2022-10-22,3.73,623.55,118.99,1535.0,1591.93,30599.99,710.69,13258.24
2022-10-26,3.8,625.0,118.5,1535.0,1585.99,30803.01,704.0,13289.99
2022-10-27,3.72,623.95,118.47,1535.0,1585.0,31000.01,689.0,13199.01
2022-10-28,3.69,626.99,117.94,1530.0,1588.95,31239.0,693.99,13290.0
2022-10-31,3.7,620.0,118.13,1535.0,1580.01,31379.96,684.97,13163.0
2022-11-01,3.7,622.6,117.93,1537.0,1584.0,30890.0,684.79,13116.0
2022-11-02,3.72,622.95,118.5,1550.0,1594.72,31000.0,679.95,12793.0
2022-11-03,3.73,615.31,118.17,1522.0,1587.0,28089.98,678.0,12662.01
2022-11-04,3.77,623.0,119.0,1531.0,1593.11,28200.0,676.0,12650.0
2022-11-07,3.7,615.1,120.0,1544.6,1593.85,27669.91,679.76,12689.88
2022-11-08,3.7,615.0,119.0,1548.31,1591.76,27780.0,677.98,12834.9
2022-11-09,3.69,615.6,119.65,1520.0,1581.0,26601.04,669.93,12833.0
2022-11-10,3.7,616.0,119.37,1540.5,1579.98,27000.0,650.0,12700.0
2022-11-11,3.72,615.0,118.0,1532.0,1570.0,26899.0,642.1,12869.0
2022-11-14,3.72,614.5,119.0,1531.5,1570.0,26443.97,601.0,12962.97
2022-11-15,3.7,614.99,119.0,1533.0,1570.0,25800.0,614.99,12994.92
2022-11-16,3.68,614.2,115.52,1537.0,1575.0,27048.75,612.83,12880.0
2022-11-17,3.68,625.0,116.42,1552.0,1575.0,26780.0,601.82,12791.0
2022-11-18,3.7,612.17,119.77,1585.89,1574.98,26250.0,589.99,12778.99
2022-11-21,3.69,611.99,118.5,1545.3,1575.0,26294.0,591.89,12491.0
2022-11-22,3.58,614.55,119.14,1564.96,1575.96,26255.0,560.01,12199.0
2022-11-23,3.6,609.02,119.35,1554.96,1574.62,26000.0,581.0,12497.99
2022-11-24,3.6,610.0,119.46,1546.0,1575.87,26225.0,571.95,12461.12
2022-11-25,3.6,615.0,119.15,1550.0,1574.7,26200.0,569.0,12508.89
2022-11-28,3.59,609.0,118.0,1530.0,1570.0,25603.0,535.06,12450.0
2022-11-29,3.58,609.77,118.12,1530.0,1574.88,25899.0,540.0,12499.99
2022-11-30,4.58,607.01,135.0,1537.9,1568.0,26060.0,563.89,12549.0
2022-12-01,3.6,610.0,123.57,1540.0,1566.0,26200.0,576.8,12602.0
2022-12-02,3.59,619.0,124.9,1543.98,1578.9,26400.0,582.85,12562.04
2022-12-05,3.59,618.0,130.0,1554.0,1580.55,26450.0,594.0,12799.0
2022-12-06,3.6,617.0,129.96,1569.0,1580.0,27608.0,606.5,12734.0
2022-12-07,3.6,619.61,129.0,1547.5,1580.65,27622.54,606.85,12800.0
2022-12-08,3.59,619.52,128.89,1568.0,1600.0,27700.0,605.99,12717.0
2022-12-09,3.59,619.0,129.89,1569.0,1600.5,27698.0,603.01,12800.02
2022-12-12,3.55,615.0,128.01,1563.94,1595.0,27400.01,598.02,12902.32
2022-12-13,3.58,616.99,129.39,1558.9,1572.09,27600.0,606.0,12900.0
2022-12-14,3.57,622.0,130.65,1610.0,1580.0,27699.0,609.97,12900.0
2022-12-15,3.59,621.0,130.96,1669.0,1585.0,28000.0,615.79,12840.0
2022-12-19,3.6,616.0,130.0,1702.0,1586.0,27998.0,619.99,12833.0
2022-12-20,3.59,635.0,128.7,1696.99,1586.2,27999.0,632.0,12799.99
2022-12-21,3.59,635.44,129.2,1685.0,1586.0,27999.0,655.0,12781.0
2022-12-22,3.59,631.96,128.98,1699.0,1585.9,28349.0,770.0,12874.84
2022-12-23,3.59,625.0,128.5,1686.0,1599.99,28499.0,735.0,12750.0
2022-12-26,3.64,637.0,128.5,1687.0,1595.0,28100.0,707.1,12849.62
2022-12-27,3.61,631.0,128.0,1698.99,1599.99,28300.0,739.9,12839.52
2022-12-28,3.77,637.0,127.9,1682.0,1601.65,28298.99,730.1,12800.0
2022-12-29,3.91,640.0,126.82,1700.0,1610.0,28300.0,727.98,12864.75
2022-12-30,4.08,640.0,126.47,1725.0,1620.02,28362.32,734.0,12874.0
2023-01-04,4.59,639.97,129.96,1695.0,1619.98,28200.0,725.11,12887.0
2023-01-05,4.5,633.18,129.85,1700.0,1619.0,28310.0,724.0,12940.0
2023-01-06,4.71,633.24,128.69,1691.0,1619.99,28349.0,725.08,12930.0
2023-01-09,4.61,638.0,129.93,1744.99,1616.0,28350.0,728.0,12990.0
2023-01-10,4.55,634.98,127.53,1725.0,1625.9,28305.0,724.49,13550.0
2023-01-11,4.37,633.84,129.19,1720.02,1618.0,28300.2,725.0,13621.49
2023-01-12,4.32,630.01,128.52,1720.0,1618.5,28500.0,724.8,13680.0
2023-01-13,4.43,631.0,128.91,1744.7,1615.06,28400.0,718.5,13510.02
2023-01-16,4.46,630.15,128.46,1744.6,1619.0,28336.64,724.88,13700.0
2023-01-17,4.48,634.0,127.86,1744.71,1620.0,28532.5,719.47,13650.0
2023-01-18,4.57,633.85,127.8,1750.0,1615.0,28920.0,722.75,14148.99
2023-01-19,4.56,633.49,126.99,1771.6,1617.0,28970.0,717.0,14344.99
2023-01-20,4.51,628.01,127.97,1730.0,1616.02,28850.0,720.0,14103.0
2023-01-23,4.53,630.0,127.79,1750.0,1624.99,29100.0,723.0,14380.01
2023-01-24,4.5,630.0,127.81,1728.0,1615.59,29100.0,726.0,14727.99
2023-01-25,4.52,628.03,128.23,1735.6,1623.0,29400.0,717.0,14701.0
2023-01-26,4.48,629.0,125.0,1740.0,1615.39,29400.0,718.51,14500.0
2023-01-27,4.33,630.99,122.98,1740.0,1615.09,29335.0,714.9,14130.0
2023-01-30,4.33,634.8,123.61,1739.65,1619.96,29001.11,709.1,14240.0
2023-01-31,4.29,634.69,122.95,1750.0,1622.0,29190.0,710.0,14216.81
2023-02-01,4.35,628.08,122.75,1756.57,1621.9,29188.5,716.43,14150.01
2023-02-02,4.37,628.01,125.02,1788.92,1624.0,29350.0,720.02,14498.98
2023-02-03,4.34,628.02,127.36,1805.0,1620.97,29440.0,720.0,14469.0
2023-02-06,4.35,628.0,127.5,1800.0,1623.2,29340.43,719.01,14378.23
2023-02-07,4.3,632.7,127.97,1788.99,1623.45,29200.0,721.94,14200.0
2023-02-08,4.3,632.47,127.22,1799.0,1623.98,29220.0,723.98,14280.0
2023-02-09,4.36,632.48,127.46,1765.0,1616.99,29650.0,719.0,14280.0
2023-02-10,4.3,628.18,127.0,1788.99,1617.0,29499.0,718.0,14281.01
2023-02-13,4.3,630.0,126.48,1784.95,1617.0,29400.0,724.99,14250.01
2023-02-14,4.27,628.14,126.88,1777.77,1617.0,29499.0,722.0,14329.99
2023-02-15,4.25,630.0,127.0,1776.0,1617.0,29400.0,724.0,14300.0
2023-02-16,4.2,628.03,127.0,1777.0,1617.0,29430.0,716.15,14229.98
2023-02-17,4.25,628.02,127.99,1773.95,1619.96,29400.0,717.0,14223.0
2023-02-20,4.27,628.5,129.13,1765.0,1616.0,29151.01,720.0,13980.0
2023-02-21,4.22,628.0,128.51,1771.0,1619.7,29350.0,715.89,14024.47
2023-02-22,4.23,628.01,127.91,1770.0,1618.0,29100.0,714.0,13700.01
2023-02-23,4.14,628.01,128.2,1765.0,1619.0,29370.0,714.94,13702.0
2023-02-24,4.16,628.0,127.9,1773.0,1619.0,29897.99,713.0,13737.53
2023-02-27,4.16,631.72,127.93,1772.79,1615.0,29700.0,711.6,13732.48
2023-02-28,4.15,630.0,127.3,1771.0,1618.89,29490.01,708.99,13601.32
2023-03-01,4.1,629.9,127.99,1770.0,1615.0,29550.0,715.8,13550.0
2023-03-02,4.13,630.34,126.2,1770.0,1617.0,29308.0,720.0,13474.0
2023-03-03,4.1,630.0,125.45,1788.0,1618.7,29150.01,712.0,13540.76
2023-03-06,4.05,658.37,125.2,1770.13,1617.0,29100.0,714.33,13520.6
2023-03-07,4.09,642.0,125.85,1783.8,1617.0,29100.0,709.99,13268.34
2023-03-09,4.07,640.13,125.13,1775.0,1615.0,29411.0,709.0,13240.01
2023-03-10,4.03,640.09,125.21,1820.0,1617.0,29202.98,690.01,13180.0
2023-03-13,3.97,642.51,125.1,1783.05,1616.99,29643.49,626.47,13150.0
2023-03-14,3.91,640.5,125.47,1795.48,1617.0,29600.0,588.5,13199.99
2023-03-15,3.95,640.23,129.96,1772.04,1615.05,29601.0,645.0,13195.0
2023-03-16,3.98,640.1,129.9,1791.0,1622.96,29690.0,665.01,13036.28
2023-03-17,3.96,641.0,129.02,1800.01,1615.0,29500.1,670.0,13197.72
2023-03-20,3.99,645.0,130.0,1786.0,1620.0,29400.0,652.5,13207.8
2023-03-24,3.97,649.72,130.4,1798.0,1615.0,29029.0,640.0,13207.0
2023-03-27,3.98,648.8,135.6,1786.0,1605.0,28750.0,612.0,13230.0
2023-03-28,3.96,656.85,137.39,1788.0,1610.0,28950.0,607.3,13200.0
2023-03-29,3.95,670.01,137.28,1795.95,1617.99,28750.0,612.5,13298.61
2023-03-30,3.96,680.83,136.8,1794.73,1603.01,29000.0,624.99,13424.99
2023-03-31,3.99,680.0,136.86,1790.0,1618.02,29034.0,640.03,13386.99
2023-04-03,3.98,680.0,137.92,1789.99,1610.0,29084.0,654.05,13350.0
2023-04-04,3.97,679.71,138.09,1786.36,1603.02,29079.0,647.79,13351.0
2023-04-05,4.1,665.05,140.48,1789.98,1615.0,29390.97,659.84,13314.0
2023-04-06,4.27,683.92,143.0,1819.0,1618.0,29200.0,665.0,13162.0
2023-04-07,4.19,675.19,144.0,1820.0,1613.0,29290.0,672.0,13202.76
2023-04-10,4.5,683.9,145.63,1844.75,1614.0,29070.0,681.2,13217.5
2023-04-11,4.57,682.0,144.0,1849.99,1617.98,29394.0,680.0,13215.0
2023-04-12,4.51,680.0,145.58,1842.09,1607.0,29169.99,676.89,13499.99
2023-04-13,4.48,683.88,145.0,1865.95,1609.0,29171.97,674.89,13479.89
2023-04-14,4.41,683.9,144.47,1887.86,1604.06,29065.61,680.0,13379.98
2023-04-17,4.36,680.0,145.96,1887.61,1605.0,29200.0,682.99,13419.0
2023-04-18,4.39,631.02,144.0,1884.65,1602.02,29000.0,700.01,13452.0
2023-04-19,4.35,683.89,144.97,1881.49,1605.0,29000.0,720.0,13621.49
2023-04-20,4.34,683.9,145.9,1883.0,1605.9,29073.4,730.0,13702.2
2023-04-21,4.39,695.0,144.0,1884.97,1602.03,29172.9,743.0,13699.99
2023-04-24,4.37,685.0,157.0,1887.0,1611.9,29030.01,739.0,13748.99
2023-04-25,4.4,680.0,157.7,1881.16,1600.0,29211.0,760.0,13749.99
2023-04-26,4.49,689.0,153.0,1880.0,1608.74,29122.69,750.01,13701.0
2023-04-27,4.49,695.0,154.0,1893.49,1616.98,29100.0,752.0,13650.0
2023-04-28,4.58,685.0,156.0,1872.11,1618.0,29998.0,754.99,13438.99
2023-05-02,4.59,693.48,157.3,1879.97,1602.0,30502.01,773.99,13380.0
2023-05-03,4.58,680.0,156.0,1855.54,1608.5,29715.0,750.12,13171.0
2023-05-04,4.3,684.84,156.47,1900.0,1620.0,30810.0,762.49,13258.26
2023-05-05,4.34,684.9,159.6,1921.86,1627.0,30922.0,759.8,13258.0
2023-05-10,4.34,684.95,158.7,1917.7,1608.0,31200.0,759.0,13418.79
2023-05-11,4.2,676.0,158.9,1899.99,1570.0,31310.0,750.0,13440.0
2023-05-12,4.2,683.76,159.0,1900.0,1578.94,31450.01,750.0,13351.0
2023-05-15,4.27,682.68,158.3,1919.0,1578.98,31650.0,740.0,13484.99
2023-05-16,4.27,682.99,158.9,1879.7,1577.98,31761.35,744.36,13510.0
2023-05-17,4.2,679.0,160.2,1890.02,1580.63,31740.0,744.99,13350.0
2023-05-18,4.23,676.79,161.7,1881.85,1578.97,31910.0,749.49,13348.0
2023-05-19,4.14,683.95,163.01,1884.77,1577.9,31700.0,750.0,13220.0
2023-05-22,4.09,681.6,163.01,1886.78,1575.0,31700.0,740.22,13113.95
2023-05-23,4.0,677.0,163.23,1880.99,1575.0,31650.0,734.99,13026.0
2023-05-24,4.0,676.0,164.03,1875.29,1578.0,31565.01,718.03,12944.0
2023-05-25,3.99,680.99,164.9,1896.0,1575.0,31650.0,724.29,12850.0
2023-05-26,4.0,679.98,166.05,1894.98,1572.0,31699.0,740.0,12775.0
2023-05-29,4.0,679.84,151.7,1877.01,1577.95,31555.0,746.99,12710.0
2023-05-30,3.98,679.76,146.0,1875.19,1575.0,29990.0,747.94,12581.0
2023-05-31,3.96,681.2,148.47,1898.0,1575.0,29900.0,767.45,12612.0
2023-06-01,3.97,681.2,149.5,1889.95,1573.98,29850.0,735.0,12700.0
2023-06-02,3.95,681.98,149.6,1889.0,1577.0,30400.0,735.01,12811.02
2023-06-05,3.99,675.0,148.9,1876.03,1575.75,30953.43,790.0,12840.0
2023-06-06,3.98,678.0,148.89,1897.48,1574.9,31103.99,808.0,12980.0
2023-06-07,4.0,681.34,148.78,1896.56,1583.5,31104.92,830.0,13050.97
2023-06-08,3.99,677.88,149.7,1891.0,1580.0,31259.0,840.0,12920.01
2023-06-09,3.96,676.99,148.98,1888.88,1573.03,31196.99,846.79,13055.65
2023-06-12,3.99,674.01,149.65,1890.0,1575.5,30935.0,854.97,12980.0
2023-06-13,3.93,675.0,150.43,1889.5,1579.88,30680.0,840.0,13025.02
2023-06-14,3.89,675.1,151.83,1888.74,1579.0,30682.0,788.09,13026.02
2023-06-15,3.83,675.0,153.4,1889.07,1572.98,30972.0,758.0,13024.89
2023-06-16,3.78,679.0,155.0,1888.98,1573.0,30852.44,755.0,12910.0
2023-06-19,3.8,681.48,155.09,1890.0,1566.02,30750.0,744.75,12900.0
2023-06-20,3.83,674.05,154.4,1889.99,1563.7,30904.0,753.89,12915.0
2023-06-21,3.82,673.0,155.92,1877.0,1561.11,30800.0,750.43,12914.9
2023-06-22,3.82,673.13,155.79,1877.55,1567.97,30699.97,749.0,12945.47
2023-06-23,3.82,672.08,156.9,1910.0,1564.0,30689.98,773.0,12914.0
2023-06-26,3.84,672.1,158.47,1899.8,1571.99,30686.0,795.51,12840.0
2023-06-27,3.83,682.0,158.94,1900.0,1576.6,30689.0,814.0,12990.0
2023-06-29,3.82,673.02,163.91,1899.8,1574.0,30450.0,821.96,13096.76
2023-06-30,3.84,679.97,164.0,1900.0,1573.93,30800.0,842.85,13096.82
2023-07-01,3.87,692.16,164.6,1897.98,1576.6,30833.9,819.0,13050.0
2023-07-03,3.9,680.0,164.62,1896.0,1570.01,30933.49,840.49,13142.22
2023-07-04,3.93,685.0,164.0,1895.99,1574.98,30933.0,836.97,13308.69
2023-07-05,3.95,676.99,164.0,1899.99,1575.79,30940.0,834.0,13419.7
2023-07-10,3.99,687.8,164.39,1903.0,1566.0,31123.0,825.0,13355.9
2023-07-11,3.98,689.97,163.9,1900.0,1563.04,31235.0,821.95,13356.0
2023-07-12,3.97,689.0,165.0,1900.0,1563.0,31349.97,814.98,12864.74
2023-07-13,3.88,685.5,166.35,1895.97,1567.0,31300.0,808.0,12827.99
2023-07-14,3.8,682.53,166.32,1898.99,1567.76,31500.0,786.51,12780.0
2023-07-17,3.98,688.0,166.99,1899.99,1562.0,31421.49,786.99,12686.99
2023-07-18,3.8,687.98,167.5,1890.0,1566.0,31596.0,798.99,12600.0
2023-07-19,3.84,687.99,167.39,1900.0,1569.99,31749.02,796.0,12450.0
2023-07-20,3.81,688.0,167.0,1892.0,1570.0,32099.0,810.0,12509.6
2023-07-21,3.82,687.99,165.49,1903.98,1570.0,32970.35,807.01,12519.66
2023-07-24,3.8,685.01,165.5,1900.0,1565.0,32670.0,798.0,12490.0
2023-07-25,3.81,688.99,165.0,1903.9,1567.45,32900.01,795.98,12497.88
2023-07-26,3.8,687.99,164.9,1903.98,1560.04,32949.0,813.49,12000.0
2023-07-27,3.81,686.99,163.93,1900.0,1569.9,32969.0,815.0,12140.09
2023-07-28,3.8,686.98,163.07,1899.97,1569.0,33200.0,814.43,12196.96
2023-07-31,3.8,686.98,164.8,1899.97,1568.55,33600.0,824.96,12257.32
2023-08-01,3.8,686.0,163.0,1900.0,1567.94,33850.0,819.97,12384.99
2023-08-02,3.8,686.89,162.49,1899.0,1567.0,33900.0,819.0,12428.0
2023-08-03,3.8,686.0,163.8,1900.0,1566.0,33644.0,816.99,12491.0
2023-08-04,3.8,684.0,163.73,1900.0,1567.0,33899.99,817.01,12469.0
2023-08-07,3.8,685.0,163.57,1900.0,1566.89,33900.0,814.0,12491.42
2023-08-08,3.79,684.99,162.75,1901.98,1566.85,33900.0,825.0,12485.0
2023-08-09,3.79,685.5,162.19,1909.99,1567.9,33750.0,826.24,12644.99
2023-08-10,3.8,685.0,162.48,1926.1,1566.51,33667.0,823.99,12707.95
2023-08-11,3.79,685.0,162.01,1930.0,1565.9,33650.0,828.0,12694.0
2023-08-14,3.76,682.0,162.89,1945.0,1567.0,33650.0,840.0,12695.02
2023-08-15,3.73,682.02,161.0,1950.82,1568.96,33499.0,836.98,12588.0
2023-08-16,3.75,684.0,160.0,1952.77,1568.0,33200.0,825.01,12580.0
2023-08-17,3.76,684.0,162.0,1970.0,1566.1,33200.0,823.97,12624.0
2023-08-18,3.75,685.02,161.0,1975.52,1575.5,32698.0,817.1,12650.0
2023-08-21,3.75,689.0,162.04,1982.0,1575.59,32600.55,810.0,12750.0
2023-08-22,3.74,689.91,161.25,1978.0,1575.58,32421.0,808.5,12800.02
2023-08-23,3.73,690.0,161.9,1979.0,1575.6,32300.0,820.0,12870.0
2023-08-24,3.74,693.0,162.7,1977.0,1575.47,32500.0,817.0,13040.0
2023-08-25,3.75,693.0,162.13,1975.0,1572.0,32700.01,814.91,13268.3
2023-08-28,3.75,690.0,162.49,1967.05,1569.0,33350.0,812.0,13250.0
2023-08-29,3.76,689.94,162.44,1970.43,1575.6,33079.0,810.01,13301.0
2023-08-31,3.72,693.0,161.73,1980.0,1573.0,33098.0,818.99,13760.0
2023-09-01,3.73,690.0,157.52,1985.0,1575.6,33000.0,818.0,13848.99
2023-09-04,3.71,686.35,146.0,1971.0,1575.1,33300.0,840.0,14323.89
2023-09-05,3.71,688.0,151.48,1985.0,1575.59,33400.0,841.34,14413.04
2023-09-06,3.69,690.0,150.27,1981.02,1570.0,32206.0,829.0,14771.0
2023-09-07,3.69,691.99,150.03,1989.99,1575.59,33300.0,826.0,14500.0
2023-09-08,3.69,694.99,150.58,1990.0,1575.59,33300.0,838.5,14580.0
2023-09-11,3.7,692.0,150.11,1989.0,1575.5,33400.0,849.92,14569.0
2023-09-12,3.69,694.99,150.34,1995.0,1575.0,33550.0,844.0,14500.0
2023-09-13,3.66,694.99,149.97,1995.5,1570.0,33780.0,838.0,14500.0
2023-09-14,3.66,694.99,150.34,1984.0,1569.0,34100.0,853.0,14950.0
2023-09-15,3.65,695.0,150.0,1992.0,1575.5,34199.99,839.0,15330.0
2023-09-18,3.66,693.51,149.85,1993.0,1575.0,33899.99,819.99,16090.0
2023-09-19,3.68,697.98,149.59,1988.0,1574.0,33899.0,830.02,16103.0
2023-09-20,3.69,702.07,149.96,1970.0,1575.0,33663.37,850.0,16889.99
2023-09-21,3.69,712.76,149.92,1989.93,1575.2,33883.0,833.0,17101.99
2023-09-22,3.68,712.76,149.79,1995.0,1580.0,33883.0,833.0,17129.99
2023-09-25,3.65,712.0,149.23,1995.0,1588.0,33881.0,835.01,17560.0
2023-09-26,3.64,712.76,147.5,1999.0,1590.0,33885.0,832.0,18241.0
2023-09-27,3.6,710.0,150.0,1995.0,1520.0,33200.0,829.56,18200.0
2023-09-28,3.6,712.0,150.34,1998.88,1485.02,33200.0,833.0,18420.01
2023-09-29,3.6,730.0,151.0,1991.86,1489.75,33537.05,831.49,19500.0
2023-10-02,3.64,721.0,151.49,1997.6,1489.73,33900.0,830.0,19800.0
2023-10-03,3.63,724.95,153.85,1998.99,1464.5,33900.0,830.0,18901.0
2023-10-04,3.62,725.0,151.02,1999.0,1474.6,33978.0,850.96,18347.0
2023-10-05,3.65,718.4,152.6,2000.0,1473.93,33989.99,849.0,18837.0
2023-10-06,3.67,725.0,152.26,1999.99,1475.0,34150.0,850.0,18730.0
2023-10-09,3.6,725.0,150.99,1985.51,1498.0,34542.0,850.0,18725.0
2023-10-10,3.61,726.15,150.67,1951.99,1498.65,34895.0,849.99,18486.15
2023-10-11,3.62,731.0,149.99,1920.0,1508.95,34998.99,944.0,18555.0
2023-10-12,3.62,747.85,150.5,1930.2,1500.0,34645.01,879.9,18450.0
2023-10-13,3.64,754.99,150.9,1949.48,1514.09,34307.0,874.98,18418.98
2023-10-16,3.65,761.18,148.8,1948.87,1516.0,34519.99,874.42,18221.01
2023-10-17,3.64,789.83,148.67,1934.03,1519.24,34158.42,874.99,18004.0
2023-10-18,3.64,820.0,149.69,1948.0,1520.03,34108.01,872.0,18225.11
2023-10-19,3.63,837.0,149.7,1950.0,1505.0,34000.0,866.9,18028.0
2023-10-20,3.63,838.79,149.9,1960.0,1503.0,33989.97,851.07,18219.96
2023-10-23,3.63,839.0,149.67,1977.45,1504.9,33920.0,863.0,17969.0
2023-10-24,3.66,838.9,149.59,1958.89,1509.95,33887.0,864.98,17849.99
2023-10-26,3.68,839.0,150.3,1950.0,1514.99,32000.0,855.23,18550.0
2023-10-27,3.68,846.67,150.11,1949.99,1523.5,31898.0,866.0,18200.0
2023-10-30,3.81,846.0,149.79,1947.0,1530.0,31800.0,869.25,18050.0
2023-10-31,3.77,835.0,149.6,1945.0,1530.15,31500.0,864.86,18398.0
2023-11-01,3.74,847.5,149.09,1944.0,1538.22,31200.0,860.49,19000.0
2023-11-02,3.79,865.18,149.77,1950.0,1545.0,31199.0,858.67,19005.0
2023-11-03,3.76,865.2,149.64,1952.0,1565.58,31190.01,865.5,18575.0
2023-11-06,3.79,867.26,149.62,1950.99,1575.6,31500.0,860.0,18087.0
2023-11-07,3.78,871.98,149.74,1949.92,1585.51,32285.0,863.88,17960.2
2023-11-08,3.77,881.9,149.95,1950.0,1550.0,32380.0,868.0,18086.0
2023-11-09,3.79,886.1,149.61,1956.99,1575.55,32498.0,866.0,18010.0
2023-11-10,3.78,890.98,149.9,1950.99,1500.0,32494.97,863.15,18102.05
2023-11-13,3.79,888.5,149.94,1950.91,1491.1,32498.0,858.51,18215.0
2023-11-14,3.78,891.0,150.0,1959.4,1489.01,32100.0,863.79,18595.0
2023-11-15,3.78,893.0,150.48,1954.99,1490.99,32100.0,860.01,18591.0
2023-11-16,3.78,889.0,151.48,1953.97,1493.0,32100.0,863.0,18565.0
2023-11-17,3.78,893.0,154.96,1949.0,1490.0,31640.0,864.0,18630.0
2023-11-20,3.8,891.99,156.5,1946.0,1487.98,31714.0,862.93,18742.17
2023-11-21,3.8,899.0,159.27,1930.0,1485.1,31900.0,858.05,18975.0
2023-11-22,3.79,892.87,164.97,1955.0,1482.5,32000.0,863.0,18818.88
2023-11-23,3.77,898.99,163.84,1952.86,1484.5,32000.0,864.44,18819.64
2023-11-24,3.77,905.33,164.2,1947.92,1482.0,32149.0,863.0,18694.84
2023-11-27,3.78,923.45,164.99,1941.01,1481.0,32145.0,860.0,18700.0
2023-11-28,3.77,967.99,164.7,1953.29,1480.44,31881.2,861.99,18739.99
2023-11-29,3.77,975.0,164.81,1944.21,1475.0,31803.01,860.0,18478.0
2023-11-30,3.78,976.05,164.01,1949.99,1486.71,31999.0,863.74,18190.0
2023-12-01,3.78,999.0,163.7,1950.47,1482.01,31999.0,860.0,18477.0
2023-12-04,3.75,1101.97,164.1,1947.0,1482.0,31999.0,860.94,18438.99
2023-12-05,3.77,1165.0,163.53,1946.09,1482.0,31800.0,868.79,18399.0
2023-12-06,3.77,1180.06,163.02,1945.0,1482.0,31970.0,861.0,18151.13
2023-12-07,3.77,1176.47,162.0,1945.0,1482.0,31939.8,864.99,18240.0
2023-12-08,3.73,1000.0,160.99,1949.49,1482.0,31843.14,862.9,18358.0
2023-12-11,3.77,1079.97,161.62,1955.0,1482.0,31870.0,861.95,18412.0
2023-12-12,3.76,1050.0,162.4,1954.99,1482.0,31479.65,858.0,18265.0
2023-12-13,3.76,1028.0,161.89,1953.63,1482.0,31449.0,857.95,18205.0
2023-12-14,3.75,1019.91,161.89,1954.0,1482.5,31300.13,859.0,18061.1
2023-12-15,3.76,1000.0,162.5,1954.19,1482.0,31400.0,856.99,18387.98
2023-12-19,3.73,999.02,162.31,1954.98,1482.0,31981.31,858.95,18300.02
2023-12-20,3.73,996.51,162.27,1954.98,1482.0,31995.0,858.0,18260.0
2023-12-21,3.74,987.7,162.11,1950.0,1482.0,33101.0,860.39,18186.5
2023-12-22,3.75,994.5,161.98,1950.0,1482.0,32970.0,858.5,18350.0
2023-12-25,3.75,980.0,162.14,1948.15,1482.01,32999.99,858.43,18500.05
2023-12-26,3.77,980.0,162.3,1949.0,1482.1,32610.0,854.0,18471.15
2023-12-27,3.76,970.0,161.8,1950.91,1483.0,33160.0,848.24,18475.0
2023-12-28,3.76,975.5,162.5,1951.0,1482.0,33099.89,848.09,18470.0
2023-12-29,3.78,977.06,163.6,1954.98,1482.0,34500.0,865.0,18460.0
2024-01-03,3.79,993.0,165.2,1952.0,1482.01,34024.02,859.99,18549.0
2024-01-04,3.78,1050.02,165.42,1950.0,1482.0,35822.0,861.5,18629.98
2024-01-05,3.78,1075.0,165.99,1959.0,1482.0,35150.0,860.88,18750.0
2024-01-08,3.75,1078.84,166.4,1957.0,1482.0,35150.0,858.0,18700.0
2024-01-09,3.76,1059.99,166.97,1956.55,1482.0,35044.0,860.0,18783.86
2024-01-10,3.75,1064.84,167.2,1979.98,1482.0,35110.0,856.0,18986.0
2024-01-11,3.75,1070.01,166.5,1979.0,1482.0,35050.0,856.2,19075.0
2024-01-12,3.74,1071.22,166.47,1980.0,1482.0,34909.06,853.22,19620.0
2024-01-15,3.74,1063.0,166.43,2014.68,1481.0,34800.0,856.52,20100.0
2024-01-16,3.74,1060.0,164.9,2049.0,1478.0,35490.0,856.0,20282.0
2024-01-17,3.74,1061.0,165.0,2131.0,1478.1,35000.0,854.0,20499.0
2024-01-18,3.74,1059.0,163.8,2197.0,1477.05,34958.0,855.0,20300.0
2024-01-19,3.74,1058.99,164.0,2208.0,1467.0,34715.0,854.0,20100.0
2024-01-22,3.73,1069.76,163.3,2242.0,1455.01,34621.0,846.01,19751.0
2024-01-23,3.73,1069.0,163.2,2222.0,1440.0,34498.99,843.99,19400.0
2024-01-24,3.72,1064.0,164.0,2249.99,1410.0,34663.87,838.9,19201.0
2024-01-25,3.7,1064.11,163.58,2245.0,1397.4,34491.0,828.99,18600.0
2024-01-26,3.71,1062.0,163.6,2240.0,1375.5,34250.0,853.79,18283.0
2024-01-29,3.69,1060.0,162.0,2253.87,1402.0,34414.0,840.0,18040.9
2024-01-30,3.73,1051.15,161.0,2239.0,1392.0,34238.0,828.3,18125.0
2024-01-31,3.74,1056.0,161.27,2230.0,1392.84,34050.0,850.0,18360.0
2024-02-01,3.76,1052.01,162.5,2229.01,1382.5,33500.0,841.0,18990.0
2024-02-02,3.71,1061.0,164.0,2239.99,1370.0,33399.0,823.03,19748.0
2024-02-05,3.72,1057.97,165.4,2249.0,1365.0,33400.0,828.0,19299.0
2024-02-06,3.73,1055.0,165.46,2344.0,1365.02,33303.0,843.0,19100.0
2024-02-07,3.71,1060.0,165.75,2344.99,1363.99,33462.0,833.0,19450.0
2024-02-08,3.74,1060.0,167.85,2375.8,1377.0,33740.75,837.0,19580.0
2024-02-09,3.75,1071.0,173.0,2419.87,1398.0,34236.0,836.86,19322.34
2024-02-12,3.74,1099.74,175.0,2445.0,1408.0,34400.0,831.03,19322.0
2024-02-13,3.75,1152.92,178.91,2500.0,1427.0,34551.0,833.2,19300.01
2024-02-14,3.79,1182.0,184.94,2500.0,1446.0,34538.58,828.0,19300.35
2024-02-15,3.9,1235.0,186.0,2500.01,1447.0,34890.0,832.0,19303.91
2024-02-16,3.96,1241.83,188.0,2463.12,1459.0,35059.0,829.9,19395.0
2024-02-19,3.97,1362.1,187.7,2514.99,1454.38,35599.0,828.03,19370.0
2024-02-20,3.93,1487.0,189.8,2528.65,1470.0,35670.0,830.0,19299.99
2024-02-21,3.95,1373.0,188.0,2559.55,1485.0,35680.0,825.03,19049.99
2024-02-22,3.96,1455.93,190.0,2558.99,1491.0,35611.0,830.0,19000.0
2024-02-23,3.9,1469.0,190.86,2600.0,1497.5,35840.0,830.0,19058.55
2024-02-26,3.92,1459.0,196.2,2700.0,1499.34,35560.0,829.19,18607.84
2024-02-27,3.91,1470.25,197.88,2739.8,1490.0,35740.0,835.72,18625.99
2024-02-28,4.03,1483.2,198.39,2862.1,1488.0,35695.0,838.1,18685.0
2024-02-29,4.05,1469.03,198.01,2884.0,1490.0,35712.0,830.0,18660.0
2024-03-01,4.17,1519.0,199.54,2906.41,1495.0,35510.0,833.99,18434.4
2024-03-04,4.55,1585.86,198.0,2850.24,1491.0,35645.0,832.0,18350.0
2024-03-05,4.65,1665.0,206.29,2884.0,1490.02,35577.77,835.0,18362.0
2024-03-06,4.76,1740.55,206.3,2999.74,1485.01,35700.0,835.0,18376.98
2024-03-07,4.83,1738.08,207.94,3059.1,1489.99,35863.0,863.85,18300.0
2024-03-11,4.91,1744.02,213.49,3078.99,1483.01,35685.01,865.2,18563.0
2024-03-12,5.28,1702.0,217.65,3119.99,1492.77,35552.5,850.79,18313.34
2024-03-13,5.53,1581.25,218.0,3035.0,1485.0,35699.98,860.99,18360.0
2024-03-14,6.0,1649.0,211.5,3103.99,1482.01,35500.0,859.0,18100.0
2024-03-15,6.78,1629.8,214.99,3040.0,1482.01,35671.7,847.3,18299.0
2024-03-18,9.0,1599.98,208.7,3041.0,1490.0,35401.03,859.74,18150.0
2024-03-19,7.5,1584.99,210.23,3075.2,1482.0,35550.0,852.0,18296.5
2024-03-20,6.15,1555.01,209.95,3110.0,1487.9,35625.0,847.0,18547.9
2024-03-26,6.19,1534.0,210.4,3134.0,1482.1,35449.0,842.5,18311.0
2024-03-27,6.24,1501.01,211.48,3130.0,1482.0,35550.0,842.5,18121.0
2024-03-28,6.32,1514.0,213.53,3125.25,1482.2,35500.0,841.3,18229.98
2024-03-29,6.31,1506.97,212.94,3166.0,1485.0,35500.0,830.0,18301.11
2024-04-01,6.29,1620.0,213.59,3114.0,1486.9,35099.99,840.0,18305.02
2024-04-02,5.92,1649.99,213.75,3110.0,1483.0,34500.0,841.0,18770.0
2024-04-03,5.5,1602.0,213.79,3101.0,1487.0,34350.0,838.0,18815.0
2024-04-04,5.8,1596.98,210.87,3054.0,1482.03,34300.0,841.0,19018.0
2024-04-05,5.96,1595.0,210.98,3020.0,1484.0,34466.0,840.0,18875.01
2024-04-08,6.2,1605.99,208.49,3026.06,1489.98,34637.0,842.0,18839.0
2024-04-09,6.15,1613.65,209.41,3019.0,1482.1,34801.0,841.5,18877.0
2024-04-10,6.04,1614.77,209.6,3014.0,1487.0,34967.99,841.0,18815.0
2024-04-11,6.14,1609.99,209.35,3014.0,1495.81,35138.0,839.5,18800.0
2024-04-12,6.15,1606.0,210.92,3015.99,1489.74,34751.0,850.0,18933.0
2024-04-15,6.04,1598.0,210.0,3049.9,1484.0,34496.99,849.49,18919.81
2024-04-16,6.04,1582.0,209.49,3018.05,1482.52,34488.0,842.3,18300.0
2024-04-17,5.97,1594.99,208.93,3058.99,1484.0,34500.0,834.01,18237.34
2024-04-18,6.02,1569.99,208.99,3027.01,1487.0,34405.0,832.89,18131.7
2024-04-19,5.97,1559.9,209.0,3039.45,1484.0,34600.0,834.63,18045.0
2024-04-22,5.96,1535.0,208.9,3019.41,1492.0,34400.0,837.94,18070.0
2024-04-23,5.97,1540.0,213.19,3026.78,1482.49,34400.0,839.0,18050.0
2024-04-24,5.99,1531.0,213.2,2966.56,1482.0,34247.02,836.9,18003.01
2024-04-25,6.0,1546.07,213.19,3000.0,1484.95,34260.0,833.2,18087.0
2024-04-26,6.03,1567.75,212.93,3047.99,1500.0,34400.01,840.99,18120.0
2024-04-29,6.15,1570.0,217.91,3010.04,1497.0,34500.0,836.0,18192.19
2024-04-30,6.18,1571.0,218.29,3026.59,1492.0,35200.0,834.0,18300.0
2024-05-02,6.55,1585.0,218.91,3121.07,1499.0,35549.0,843.0,18337.0
2024-05-03,6.67,1581.21,219.0,3079.86,1509.45,34051.01,840.0,18300.0
2024-05-04,6.89,1595.0,219.0,3070.0,1500.01,34219.0,839.3,18370.0
2024-05-06,6.98,1597.98,222.4,3061.99,1499.0,34050.0,842.0,18231.0
2024-05-10,6.7,1625.31,222.02,3064.96,1494.0,34190.0,839.98,18520.0
2024-05-13,6.15,1654.99,205.98,3074.99,1500.0,34163.0,844.0,18505.0
2024-05-14,6.2,1635.0,200.0,3060.36,1498.12,34000.0,846.01,18680.1
2024-05-15,6.16,1655.0,198.2,3039.1,1506.0,33400.0,847.99,19000.0
2024-05-16,6.2,1649.99,194.32,3039.01,1509.99,33552.0,843.0,19098.0
2024-05-17,6.21,1641.0,202.98,3039.95,1513.81,33710.0,848.8,19300.0
2024-05-20,6.22,1700.0,211.3,3048.47,1526.0,33932.63,851.95,20246.0
2024-05-21,6.22,1776.99,207.7,3048.98,1532.0,34130.0,858.9,20260.0
2024-05-22,6.26,1819.99,206.85,3068.0,1493.0,34250.0,892.0,20261.02
2024-05-23,6.22,1764.0,207.06,3058.0,1482.0,34250.0,894.0,19400.0
2024-05-24,6.22,1750.1,208.49,3085.75,1482.55,34143.0,917.0,19800.01
2024-05-27,6.21,1781.9,208.97,3086.0,1482.0,34295.0,922.0,19700.0
2024-05-28,6.21,1803.0,206.0,3104.36,1503.0,34295.0,916.02,19562.5
2024-05-29,6.04,1798.92,205.0,3097.9,1494.0,34488.08,920.03,19301.0
2024-05-30,6.0,1820.0,203.4,3082.0,1488.0,34851.0,859.99,18750.0
2024-05-31,6.0,1765.0,204.0,3062.0,1497.0,34629.49,854.48,18744.0
2024-06-03,6.07,1797.35,204.0,3049.99,1495.79,34298.88,847.9,18800.0
2024-06-04,5.97,1800.0,205.01,3029.72,1486.0,34298.0,839.99,18599.99
2024-06-05,5.99,1829.0,205.54,3043.98,1482.0,34326.5,837.49,18676.0
2024-06-06,5.98,1840.0,206.48,3000.0,1482.49,34322.0,840.5,18616.0
2024-06-07,6.06,1841.94,205.79,3030.99,1482.1,34150.0,845.88,18550.0
2024-06-10,6.01,1840.0,204.9,3028.0,1485.0,34201.0,834.05,18560.0
2024-06-11,6.0,1840.0,204.01,3030.0,1489.0,34220.0,829.0,18370.0
2024-06-12,6.01,1826.11,202.01,2983.0,1479.7,34301.0,823.0,18300.0
2024-06-13,5.99,1820.39,204.37,3000.0,1474.02,34697.0,840.0,18510.0
2024-06-14,5.98,1833.0,204.9,2971.0,1472.0,34400.0,839.9,18410.0
2024-06-17,5.88,1832.0,202.99,2975.0,1481.0,34400.0,834.99,18464.69
2024-06-18,5.89,1824.6,202.78,2988.84,1478.98,34399.94,835.0,18499.99
2024-06-19,5.82,1829.0,203.8,3044.0,1478.0,34898.0,829.0,18603.05
2024-06-20,5.7,1825.0,201.99,3058.0,1475.0,34888.0,844.98,18800.0
2024-06-21,5.72,1816.07,201.5,3039.9,1475.01,35367.0,834.0,18800.0
2024-06-24,5.6,1800.61,201.49,3026.1,1473.0,36000.0,837.99,18705.0
2024-06-25,5.54,1808.0,201.68,3025.5,1475.5,36169.99,838.95,18680.0
2024-06-26,5.53,1800.01,202.88,3000.01,1476.0,36500.0,837.99,18600.0
2024-06-27,5.82,1819.0,205.35,3010.96,1478.98,36681.0,828.0,18705.0
2024-06-28,5.79,1816.0,205.7,3003.0,1475.0,36845.0,832.89,18801.01
2024-07-01,5.74,1817.0,208.25,3067.0,1471.07,36910.0,831.0,19170.0
2024-07-02,5.76,1817.02,209.0,3084.99,1476.1,36911.0,830.85,19267.0
2024-07-03,5.72,1847.91,207.95,3076.0,1482.47,37999.99,830.0,19318.0
2024-07-04,5.7,1892.0,208.76,3089.9,1476.2,37952.0,828.0,19401.0
2024-07-05,5.6,1960.21,207.58,3090.0,1477.0,38531.0,829.0,19628.0
2024-07-09,5.62,1950.0,207.9,3020.0,1483.99,39335.0,827.99,19325.0
2024-07-10,5.59,1955.0,206.89,2980.0,1478.0,39775.12,827.99,18650.0
2024-07-11,5.6,1986.99,206.9,2950.0,1478.05,39588.0,828.0,18838.0
2024-07-12,5.55,1987.02,206.6,2894.9,1482.5,39105.0,827.99,18960.5
2024-07-15,5.5,2009.0,205.91,2919.9,1478.1,38904.85,824.98,19113.9
2024-07-16,5.46,1998.0,205.69,2867.99,1478.0,39042.0,824.49,19088.0
2024-07-17,5.47,1995.0,205.7,2900.0,1478.01,39000.0,823.0,18949.0
2024-07-18,5.43,1995.0,204.95,2899.99,1478.99,38905.0,819.8,18620.03
2024-07-19,5.47,1994.99,206.19,2992.5,1481.92,38617.71,819.0,18620.0
2024-07-22,5.45,1995.0,205.48,2957.0,1478.0,37926.54,817.49,18612.0
2024-07-23,5.45,1995.0,205.79,2986.99,1478.45,38250.0,812.99,18261.99
2024-07-24,5.38,1995.0,205.0,2985.0,1478.95,38430.0,812.99,18463.0
2024-07-25,5.36,1994.0,205.15,2953.11,1478.4,38097.0,816.89,18300.04
2024-07-26,5.06,1994.99,206.3,2967.01,1478.4,38749.86,814.0,18450.0
2024-07-29,4.99,1994.5,207.3,2969.99,1481.2,38874.08,802.0,18356.0
2024-07-30,4.96,1980.02,206.0,2964.68,1478.0,38858.0,809.98,18420.0
2024-07-31,5.19,1995.0,205.87,2964.99,1480.0,38874.0,814.0,18301.01
2024-08-01,5.29,1995.0,206.8,2958.1,1479.0,38848.0,810.0,18450.0
2024-08-02,5.06,1991.01,205.69,2963.0,1480.0,38549.0,819.97,18336.0
2024-08-05,4.97,1931.0,200.0,2945.0,1478.0,37508.69,812.01,17600.0
2024-08-06,5.18,1950.0,202.8,2999.99,1475.0,37872.0,818.79,18000.0
2024-08-07,5.15,1975.8,203.1,3050.0,1478.0,37896.0,816.01,18327.0
2024-08-08,5.0,1975.0,204.1,3125.0,1476.03,37850.0,812.0,18053.0
2024-08-09,4.99,1977.0,204.6,3200.0,1479.97,37676.0,811.7,18248.0
2024-08-12,4.91,1984.88,207.89,3146.0,1477.5,37847.0,811.0,18200.0
2024-08-13,4.97,1991.8,209.65,3150.0,1476.5,38224.71,817.0,18060.0
2024-08-14,4.99,1994.99,213.99,3238.0,1478.0,38500.0,823.0,18149.0
2024-08-15,5.01,1994.99,215.68,3237.96,1479.0,39440.0,829.5,18200.0
2024-08-16,5.02,1993.0,216.51,3240.01,1480.0,38853.1,825.19,18298.0
2024-08-19,5.03,1970.13,217.69,3228.0,1479.0,39197.0,819.8,18290.0
2024-08-20,5.15,1989.99,215.99,3239.5,1478.11,39194.99,828.0,18130.0
2024-08-21,5.24,1985.01,211.29,3244.97,1477.05,39188.88,817.05,18100.0
2024-08-22,5.3,1995.0,212.96,3275.4,1478.8,38900.0,825.87,18080.1
2024-08-23,5.27,1994.79,212.0,3219.0,1477.99,39088.0,824.84,18378.0
2024-08-26,5.34,2009.08,211.74,3255.0,1479.0,38841.0,821.99,18657.99
2024-08-27,5.29,2003.0,211.73,3250.0,1480.0,39078.99,817.18,18648.0
2024-08-28,5.28,1994.97,211.45,3237.3,1481.97,39080.0,819.0,18510.0
2024-08-29,5.26,1994.96,210.98,3232.0,1480.0,38960.0,827.0,18394.0
2024-09-02,5.22,1992.0,208.96,3224.75,1479.01,38804.0,822.0,18229.95
2024-09-03,5.17,1991.9,207.9,3198.0,1479.0,38600.0,814.49,18219.99
2024-09-04,5.13,1959.87,206.31,3213.6,1481.0,38699.0,815.0,18119.5
2024-09-05,5.15,1946.0,204.1,3218.73,1480.0,38880.0,819.88,18099.99
2024-09-06,5.1,1974.99,204.4,3230.0,1479.0,38600.0,822.0,18061.0
2024-09-09,5.13,1965.01,204.96,3223.9,1478.0,38407.0,819.97,17846.0
2024-09-10,5.1,1949.0,201.3,3223.89,1478.98,38590.0,818.69,18010.0
2024-09-11,5.09,1930.0,196.0,3249.85,1477.0,38380.0,814.99,18089.0
2024-09-12,5.09,1914.99,199.99,3238.98,1477.0,38295.0,811.0,18360.0
2024-09-13,5.06,1958.91,203.8,3238.88,1478.0,38199.0,809.99,18320.0
2024-09-16,5.02,1956.79,203.25,3215.0,1479.0,38380.0,808.13,18301.04
2024-09-17,5.06,1952.0,206.9,3225.75,1480.25,38399.0,805.01,18229.98
2024-09-18,5.04,1954.0,211.68,3200.54,1480.0,37500.0,815.0,17999.99
2024-09-19,5.1,1937.0,210.52,3186.0,1479.9,38000.0,815.22,18039.0
2024-09-20,5.1,1925.0,209.0,3201.17,1480.0,38175.0,818.0,17905.0
2024-09-23,5.12,1919.0,208.54,3203.0,1490.0,38300.0,820.0,17806.98
2024-09-24,5.1,1929.0,208.89,3200.0,1484.04,38002.0,817.0,18441.0
2024-09-25,5.13,1922.5,208.55,3192.0,1484.0,38200.0,817.0,18240.29
2024-09-26,5.13,1918.0,207.95,3188.09,1484.0,38275.0,814.04,18210.0
2024-09-27,5.1,1918.0,208.99,3189.0,1490.03,38249.0,818.0,18161.99
2024-09-30,5.24,1905.0,209.59,3198.5,1505.0,38100.0,815.12,18234.97
2024-10-01,5.22,1910.0,209.0,3170.0,1513.0,38199.99,817.9,17940.0
2024-10-02,5.19,1918.84,207.88,3183.27,1504.27,38238.0,829.0,18040.0
2024-10-03,5.19,1917.49,207.99,3170.0,1505.0,37800.0,823.84,18000.0
2024-10-04,5.19,1918.97,208.39,3229.92,1504.99,38560.0,826.97,18294.0
2024-10-07,5.2,1921.0,208.68,3240.0,1505.0,38485.0,820.99,18580.0
2024-10-08,5.21,1916.06,206.97,3244.48,1505.98,38185.0,818.4,18230.0
2024-10-09,5.21,1920.0,206.0,3250.0,1509.7,38089.0,820.98,18324.0
2024-10-10,5.11,1918.25,209.48,3240.0,1509.0,37910.0,815.03,18430.0
2024-10-11,5.1,1914.0,208.87,3264.28,1515.0,38190.0,820.0,18447.0
2024-10-14,5.08,1915.0,207.0,3216.8,1524.0,38099.0,824.62,18580.0
2024-10-15,5.1,1912.0,207.97,3263.98,1524.1,37999.0,817.0,18733.0
2024-10-16,5.1,1910.5,207.97,3265.0,1528.0,38890.0,818.9,18920.0
2024-10-17,5.11,1918.0,211.6,3240.0,1522.99,39139.0,822.98,19352.17
2024-10-18,5.1,1910.2,210.39,3250.0,1524.0,38407.0,818.99,19176.99
2024-10-21,5.1,1917.99,213.19,3251.0,1525.0,38400.0,817.05,19450.0
2024-10-22,5.1,1910.22,214.0,3315.79,1523.99,38400.0,819.72,19415.0
2024-10-23,5.17,1926.8,214.33,3301.0,1443.7,38420.02,818.0,19199.99
2024-10-24,5.25,1950.1,213.58,3306.0,1449.0,38555.0,817.99,19161.0
2024-10-28,5.29,1957.99,214.98,3305.0,1450.5,38400.02,812.99,19049.0
2024-10-29,5.28,1956.99,215.35,3326.9,1449.6,38322.0,815.91,19157.0
2024-10-30,5.35,1951.89,216.79,3332.0,1444.0,38500.0,818.78,19149.99
2024-10-31,5.35,1945.0,218.62,3346.99,1442.0,38500.0,811.83,18999.0
2024-11-01,5.39,1956.75,220.64,3383.54,1436.0,38630.0,816.0,18807.0
2024-11-04,5.55,1939.98,219.47,3399.99,1439.98,38477.19,815.0,18969.9
2024-11-05,5.7,1940.0,219.26,3405.0,1440.0,39699.0,812.5,19050.01
2024-11-06,5.72,1940.0,222.87,3422.0,1457.53,39900.0,811.99,19453.0
2024-11-07,5.7,1939.99,223.14,3467.0,1456.0,40000.0,811.0,19400.0
2024-11-08,5.7,1940.0,226.11,3450.0,1449.0,40180.0,809.99,19488.9
2024-11-11,5.74,1934.0,238.95,3422.98,1445.0,40599.0,825.51,19680.0
2024-11-12,5.81,1981.99,242.94,3420.2,1450.0,40750.0,826.02,19573.89
2024-11-13,5.8,1982.75,243.99,3415.0,1449.99,40929.0,822.6,19557.5
2024-11-14,5.82,1982.75,238.82,3420.0,1452.5,40900.01,824.73,19480.0
2024-11-15,6.07,1985.98,238.3,3449.5,1450.01,40700.0,819.4,19530.0
2024-11-18,6.4,1980.0,239.0,3496.45,1457.43,40875.0,817.99,19810.01
2024-11-19,6.5,1979.0,243.69,3487.95,1457.8,41489.0,818.99,20099.97
2024-11-20,6.3,1985.0,242.73,3434.91,1459.39,41699.0,815.0,19951.97
2024-11-21,6.4,2010.6,242.75,3485.0,1462.0,41893.0,814.0,19998.85
2024-11-22,6.36,2073.9,244.5,3469.9,1463.5,41800.0,814.7,20048.0
2024-11-25,6.36,2119.76,245.6,3450.9,1463.0,42350.0,814.0,19979.0
2024-11-26,6.38,2184.0,248.98,3423.2,1466.95,43482.0,810.0,19850.0
2024-11-27,6.3,2131.5,245.08,3470.0,1464.69,43566.0,812.01,19900.0
2024-11-28,6.29,2150.0,245.99,3464.9,1469.85,43270.0,809.98,20000.0
2024-11-29,6.31,2148.0,246.92,3449.98,1477.99,43318.0,813.99,20480.0
2024-12-02,6.33,2160.2,248.0,3460.0,1474.9,43265.0,819.0,21130.0
2024-12-03,6.3,2163.0,249.09,3455.96,1474.0,43285.0,821.0,20864.0
2024-12-04,6.28,2159.99,250.61,3448.99,1479.0,43100.0,816.51,21199.88
2024-12-05,6.23,2150.0,252.88,3440.0,1483.96,43051.0,818.93,21273.0
2024-12-06,6.23,2160.0,251.59,3442.0,1483.0,43060.0,816.0,21199.99
2024-12-09,6.21,2149.99,249.55,3414.03,1477.0,43100.0,815.0,21188.99
2024-12-10,6.25,2136.0,248.1,3424.29,1483.0,43020.0,816.5,20785.0
2024-12-11,6.29,2142.05,247.0,3420.0,1489.99,43309.0,816.0,20884.49
2024-12-12,6.3,2156.9,247.09,3414.99,1487.02,43352.0,815.0,20934.0
2024-12-13,6.29,2150.0,239.5,3405.0,1489.0,43493.0,817.4,20701.0
2024-12-17,6.22,2149.42,246.0,3400.0,1491.0,43425.68,816.42,20482.0
2024-12-18,6.24,2151.98,246.0,3407.0,1497.0,43380.07,812.0,20260.0
2024-12-19,6.24,2134.99,242.51,3385.0,1501.99,43477.0,817.52,20326.89
2024-12-20,6.26,2142.99,242.99,3443.08,1519.0,43400.0,822.0,20150.0
2024-12-23,6.14,2130.12,244.4,3420.98,1518.95,43250.0,818.0,20054.01
2024-12-24,6.14,2140.0,243.7,3419.0,1520.01,43250.0,817.0,19825.0
2024-12-25,6.14,2148.6,244.42,3428.0,1518.9,42718.77,826.92,19810.0
2024-12-26,6.14,2143.0,245.38,3397.0,1522.97,42719.98,819.99,20020.19
2024-12-27,6.15,2179.0,248.2,3425.49,1524.0,43619.99,822.0,20260.0
2024-12-30,6.19,2190.86,251.96,3370.0,1528.0,43650.0,823.8,20330.0
2024-12-31,6.25,2186.99,256.41,3432.0,1527.0,43778.0,820.0,20180.01
2025-01-05,6.34,2210.95,269.97,3411.59,1522.0,43732.99,819.63,20300.0
2025-01-06,6.39,2292.1,273.9,3380.0,1520.8,43777.0,823.0,20451.5
2025-01-08,6.45,2397.89,272.0,3432.6,1515.02,43650.0,825.0,20429.0
2025-01-09,6.6,2452.01,273.92,3399.99,1512.0,44434.0,824.99,20361.6
2025-01-10,6.82,2541.0,274.0,3412.0,1514.0,44497.0,828.5,20381.79
2025-01-13,7.25,2549.99,271.5,3418.01,1516.0,44898.98,830.0,20130.0
2025-01-14,7.96,2569.91,270.0,3420.0,1512.0,44469.0,832.0,20158.0
2025-01-15,7.88,2585.0,270.99,3434.5,1519.48,47639.0,835.0,20160.0
2025-01-16,8.0,2638.5,269.4,3439.01,1515.15,46701.0,843.0,20199.95
2025-01-17,7.74,2688.5,265.5,3474.0,1511.0,46611.02,839.99,20280.0
2025-01-20,7.37,2760.39,270.01,3424.0,1514.0,47790.0,834.0,20150.0
2025-01-21,7.05,2654.0,270.65,3409.99,1512.0,48699.99,835.06,20050.01
2025-01-22,6.92,2750.0,268.9,3429.81,1511.0,48024.07,830.0,19990.0
2025-01-23,6.96,2748.77,269.77,3439.97,1512.99,48060.1,828.53,20037.99
2025-01-24,7.22,2738.98,269.0,3407.55,1513.95,48115.01,830.81,19950.99
2025-01-27,7.57,2718.89,265.48,3424.99,1506.0,49182.13,835.99,19845.98
2025-01-28,7.53,2675.0,263.68,3425.0,1507.97,49500.0,844.0,19790.0
2025-01-29,7.64,2692.0,260.52,3440.0,1507.99,48200.0,850.03,19826.85
2025-01-30,7.68,2668.98,257.0,3429.0,1507.0,47999.99,848.0,19800.0
2025-01-31,7.64,2679.0,259.0,3442.99,1510.79,47003.0,842.5,19875.0
2025-02-03,7.71,2591.0,255.1,3367.99,1508.0,46000.0,844.0,19844.0
2025-02-04,7.76,2590.0,256.0,3396.13,1502.0,44999.0,844.0,19920.0
2025-02-05,7.79,2560.0,257.0,3424.99,1492.0,43899.99,840.0,20006.9
2025-02-06,7.83,2477.09,256.45,3426.34,1486.0,43398.0,837.0,19900.0
2025-02-07,7.88,2578.0,258.4,3450.56,1487.0,42796.99,834.6,19852.07
2025-02-10,7.99,2658.92,257.5,3460.93,1486.98,42493.0,820.0,19670.1
2025-02-11,7.8,2637.0,255.3,3473.99,1487.94,42493.0,821.0,19695.68
2025-02-12,7.82,2649.99,251.3,3450.5,1490.0,42492.91,817.99,19705.0
2025-02-13,7.72,2661.0,257.9,3403.04,1493.0,43000.0,805.99,19725.0
2025-02-14,7.61,2645.0,257.49,3429.68,1487.0,42799.9,816.96,19551.0
2025-02-17,7.74,2635.0,259.01,3398.0,1485.0,42650.0,799.01,19649.99
2025-02-18,7.82,2649.99,259.0,3427.0,1485.0,43879.73,807.5,19725.95
2025-02-19,7.83,2650.0,262.9,3424.99,1484.0,44990.0,803.78,19699.0
2025-02-20,7.87,2630.01,260.94,3429.95,1487.97,44700.0,801.98,19503.0
2025-02-21,7.9,2670.0,260.59,3433.5,1488.0,44600.0,797.0,19422.0
2025-02-24,7.9,2657.98,261.9,3401.5,1489.5,44500.0,801.5,19300.1
2025-02-25,7.95,2659.0,259.6,3429.97,1484.5,44500.0,799.0,19000.0
2025-02-26,7.93,2663.99,260.5,3407.0,1490.0,44998.0,801.43,19000.0
2025-02-27,7.94,2660.03,260.47,3416.0,1489.0,45232.0,800.89,19010.0
2025-02-28,7.95,2680.0,262.78,3415.0,1489.0,45255.0,817.0,18767.4
2025-03-03,7.96,2792.86,262.3,3415.0,1488.0,45470.0,810.0,18550.0
2025-03-04,7.95,2866.2,262.69,3416.0,1486.0,45700.0,817.0,18350.0
2025-03-05,7.93,2885.0,262.6,3416.0,1485.0,46000.0,814.0,18697.0
2025-03-06,7.91,2847.0,262.3,3416.9,1488.99,46299.0,811.98,18554.7
2025-03-07,7.93,2850.0,260.0,3412.0,1489.0,45902.99,804.5,18868.2
2025-03-11,7.91,2800.0,259.99,3390.01,1477.0,45999.0,804.89,18200.1
2025-03-12,7.87,2799.0,263.0,3403.88,1482.0,45950.0,802.83,18363.8
2025-03-13,7.86,2774.99,267.93,3400.0,1478.49,46008.0,799.99,18602.99
2025-03-14,7.85,2773.82,267.49,3396.6,1469.3,45910.0,801.0,18664.99
2025-03-17,7.83,2836.49,268.88,3388.0,1480.0,46454.44,808.0,18699.99
2025-03-18,7.8,2783.0,268.97,3381.0,1473.1,47150.0,802.53,18749.99
2025-03-19,7.87,2799.8,268.46,3399.0,1481.01,46800.0,804.15,18820.0
2025-03-20,7.88,2796.98,270.96,3404.5,1482.0,46390.0,808.88,18995.0
2025-03-26,7.84,2764.11,274.91,3394.0,1480.0,46650.0,810.0,18599.0
2025-03-27,7.84,2720.0,278.0,3395.0,1482.45,46789.0,808.28,18400.0
2025-03-28,7.83,2707.0,299.0,3400.0,1476.61,46990.0,807.99,17779.99
2025-03-31,7.75,2716.04,302.53,3386.0,1477.49,46700.0,803.9,17480.0
2025-04-01,7.84,2794.85,313.86,3400.0,1483.0,48500.0,804.0,17465.0
2025-04-02,7.86,2881.99,310.01,3345.0,1482.0,48420.0,806.0,17750.02
2025-04-03,7.81,2848.99,302.26,3385.97,1482.0,48110.01,810.9,17400.0
2025-04-04,7.7,2778.77,276.97,3372.0,1480.0,48025.0,808.89,17082.0
2025-04-07,7.5,2700.0,288.47,3321.04,1470.0,48450.0,800.02,17346.0
2025-04-08,7.69,2742.0,284.78,3311.01,1467.03,48199.0,800.0,17195.0
2025-04-09,7.6,2712.0,279.0,3362.95,1466.87,48349.9,800.0,16507.24
2025-04-10,7.69,2720.0,287.5,3400.01,1470.0,47900.0,801.0,16898.97
2025-04-11,7.63,2740.0,285.1,3353.0,1471.0,47480.05,801.0,16355.0
2025-04-14,7.6,2742.17,288.36,3382.1,1473.99,47852.01,800.0,16499.0
2025-04-15,7.68,2807.0,298.12,3380.0,1466.67,48850.0,803.96,16899.96
2025-04-16,7.65,2866.72,299.0,3376.99,1466.0,48887.9,801.5,16835.0
2025-04-17,7.6,2870.07,287.99,3374.79,1465.5,48950.0,798.55,16753.0
2025-04-18,7.56,2880.16,291.98,3346.0,1468.39,49600.0,809.98,16540.0
2025-04-21,7.2,2918.0,290.69,3351.0,1471.0,49998.89,814.0,16561.11
2025-04-22,6.79,2969.95,292.2,3338.0,1466.0,49605.03,814.0,16100.0
2025-04-23,7.26,2948.0,295.89,3315.03,1467.0,49902.0,812.0,16847.0
2025-04-24,7.32,2900.0,297.48,3320.0,1471.0,50998.97,814.0,17087.0
2025-04-25,7.24,2935.49,302.93,3356.9,1473.0,51059.91,816.99,17494.0
2025-04-28,7.33,2934.9,308.0,3308.55,1472.0,50984.99,814.01,17300.0
2025-04-29,7.38,2898.0,307.99,3311.14,1474.35,50401.03,818.5,17595.0
2025-04-30,7.01,2900.0,288.94,3332.0,1481.0,50585.89,828.99,17682.72
2025-05-02,7.13,2898.97,290.9,3323.0,1483.0,50505.01,829.18,17639.87
2025-05-05,7.09,2869.0,288.0,3328.0,1487.5,58044.79,853.2,18168.0
2025-05-06,7.09,2840.0,287.78,3335.94,1486.05,59298.0,854.95,17901.0
2025-05-08,7.1,2850.0,288.2,3365.8,1489.1,56499.99,854.9,18498.0
2025-05-12,7.09,2868.0,293.25,3345.01,1491.01,55999.99,857.53,18560.93
2025-05-13,7.09,2865.01,292.7,3318.1,1492.9,55245.0,859.99,18535.0
2025-05-14,7.07,2866.77,290.0,3314.99,1494.88,56243.0,862.0,18565.0
2025-05-15,7.1,2835.01,288.9,3322.17,1491.0,56987.0,863.0,18600.0
2025-05-16,7.02,2859.5,286.24,3324.5,1490.03,58600.1,854.5,18600.0
2025-05-19,6.93,2838.0,296.99,3315.1,1491.0,58800.0,855.0,18691.99
2025-05-20,6.94,2868.99,299.0,3348.0,1492.0,58249.0,866.5,18497.77
2025-05-21,6.95,2858.0,298.28,3282.0,1489.99,58400.0,865.0,18850.0
2025-05-22,6.94,2880.02,297.46,3305.99,1489.99,39999.99,864.99,18635.01
2025-05-23,7.2,2974.9,302.53,3325.0,1493.95,34279.0,880.0,18987.0
2025-05-26,7.36,3040.01,303.33,3330.0,1432.0,34797.99,898.95,19890.01
2025-05-27,7.35,3090.0,303.5,3328.87,1425.0,34940.0,895.79,20000.0
2025-05-28,7.36,3111.0,302.99,3309.0,1428.0,34500.0,878.0,19839.99
2025-05-29,7.52,3070.0,299.9,3328.9,1432.5,34199.98,878.98,19439.0
2025-05-30,7.55,3072.3,295.87,3313.98,1435.6,34900.0,799.99,19138.0
2025-06-02,7.51,3100.0,294.91,3323.21,1439.99,34699.99,807.0,19401.11
2025-06-03,7.54,3090.0,297.9,3275.0,1441.99,35157.03,807.0,19901.0
2025-06-04,7.55,3105.0,299.0,3265.0,1441.0,36790.0,808.0,20017.0
2025-06-05,7.54,3122.0,298.56,3289.4,1450.99,39400.0,810.0,20550.0
2025-06-09,7.59,3131.95,295.0,3260.89,1448.98,41050.0,815.0,20648.0
2025-06-10,7.57,3065.0,294.0,3245.02,1446.0,39900.0,812.88,21000.0
2025-06-11,7.59,3100.0,294.4,3270.01,1438.98,40250.0,811.0,20914.0
2025-06-12,7.37,3108.98,295.8,3319.99,1443.0,40829.99,809.99,21287.0
2025-06-13,7.46,3127.0,295.5,3323.0,1442.0,40917.98,810.84,21078.88
2025-06-16,7.54,3170.0,295.44,3290.05,1458.4,40699.99,808.0,21926.0
2025-06-17,7.62,3277.0,305.0,3342.35,1461.0,40891.0,807.89,22300.0
2025-06-18,7.78,3259.0,311.8,3342.0,1460.4,40795.0,805.61,22670.0
2025-06-19,7.87,3257.0,310.5,3322.4,1463.85,40641.5,806.6,22675.0
2025-06-20,7.86,3310.89,307.97,3317.9,1462.48,40694.98,805.0,22649.0
2025-06-23,7.84,3312.0,309.19,3317.0,1462.48,40499.0,808.0,22699.99
2025-06-24,7.84,3317.0,311.5,3329.1,1460.0,39501.1,808.48,22648.0
2025-06-25,7.85,3320.0,311.3,3334.0,1455.5,39750.0,814.0,22600.0
2025-06-26,7.87,3330.0,311.79,3332.98,1458.0,39305.5,810.0,22399.99
2025-06-27,8.98,3378.0,312.48,3322.1,1453.5,39809.0,807.45,22588.0
2025-06-30,11.0,3400.07,316.0,3333.99,1449.99,40500.01,807.48,22599.0
2025-07-01,13.0,3450.0,319.8,3348.0,1450.0,40299.0,806.31,22590.0
2025-07-02,14.69,3448.0,321.49,3349.7,1453.99,40080.0,808.9,22460.0
2025-07-03,17.71,3477.0,321.9,3368.8,1453.02,40094.9,810.1,22498.99
2025-07-04,18.21,3520.0,329.96,3389.0,1455.3,40238.0,812.0,22619.99
2025-07-08,19.1,3588.5,330.02,3419.0,1450.05,40049.91,813.0,22620.0
2025-07-09,24.83,3632.0,330.1,3471.0,1454.2,39987.94,814.99,22600.0
2025-07-10,32.53,3728.03,331.85,3465.0,1454.01,39863.0,814.94,22799.98
2025-07-11,22.0,3745.0,331.44,3480.0,1456.0,39500.0,812.1,22800.0
2025-07-14,21.01,3725.0,331.0,3478.0,1449.0,39589.0,814.0,22100.0
2025-07-15,22.24,3724.96,330.99,3475.0,1454.0,39315.02,812.9,23000.0
2025-07-16,23.6,3719.99,331.7,3480.0,1452.1,39495.0,813.0,22670.0
2025-07-17,23.5,3700.1,331.85,3479.6,1450.0,39699.0,811.0,23178.0
2025-07-18,24.08,3714.0,331.45,3477.85,1452.0,39799.98,810.0,23000.0
2025-07-21,24.84,3722.0,332.37,3431.0,1446.01,39607.9,811.5,23001.0
2025-07-22,25.82,3700.0,331.52,3470.9,1446.58,39850.0,809.55,23050.0
2025-07-23,26.69,3718.8,338.9,3457.99,1450.0,39640.0,811.0,23198.76
2025-07-24,26.05,3715.0,347.0,3450.0,1449.98,39618.0,810.0,23266.0
2025-07-25,26.46,3719.99,347.0,3449.98,1448.1,39311.1,809.0,23395.0
2025-07-28,25.0,3712.98,346.48,3431.0,1447.61,39355.01,807.8,23438.38
2025-07-29,22.53,3713.84,343.8,3430.0,1454.27,39360.01,805.92,23548.99
2025-07-30,22.71,3712.5,343.75,3429.01,1448.01,39994.93,807.5,23404.0
2025-07-31,19.86,3705.0,343.78,3404.5,1449.01,40249.0,806.11,22902.0
2025-08-01,20.6,3700.0,344.79,3423.9,1448.0,40390.0,808.01,22698.0
2025-08-04,20.5,3690.0,337.4,3380.0,1448.0,40703.0,808.0,22301.0
2025-08-05,20.41,3694.0,333.0,3384.0,1447.99,41056.5,805.0,22998.0
2025-08-06,20.4,3706.0,336.99,3377.9,1447.9,41194.0,807.0,23297.0
2025-08-07,20.54,3720.9,340.88,3340.0,1448.0,40800.02,807.88,23400.0
2025-08-08,20.99,3889.99,343.79,3411.99,1446.0,40800.0,805.0,23408.76
2025-08-11,21.64,4197.0,351.65,3390.06,1446.7,40763.0,803.5,23605.0
2025-08-12,22.64,4260.0,351.0,3390.0,1445.0,41498.0,809.0,23689.0
2025-08-13,24.49,4255.0,363.41,3369.05,1444.7,41460.0,805.98,23605.0
2025-08-14,23.22,4500.0,368.01,3373.99,1444.5,41486.0,808.49,23915.0
2025-08-15,23.52,4680.0,366.99,3378.9,1443.9,41238.99,806.6,24190.0
2025-08-18,23.68,4600.0,369.0,3377.99,1445.0,41264.73,808.0,24120.0
2025-08-19,23.76,4575.88,380.23,3368.99,1444.0,41050.0,806.82,24000.0
2025-08-20,23.72,4560.0,373.5,3380.0,1443.0,41199.8,803.4,23600.01
2025-08-21,23.69,4450.0,367.7,3389.5,1441.99,40697.1,803.5,23300.0
2025-08-22,23.12,4400.03,363.13,3355.56,1440.99,40882.0,803.7,23456.08
2025-08-25,22.65,4475.0,371.5,3353.6,1438.0,40999.0,806.96,23500.0
2025-08-26,22.96,4548.0,365.0,3348.97,1438.51,41500.0,805.91,23800.1
2025-08-27,22.95,4699.0,366.19,3343.0,1439.0,41105.0,806.02,24177.02
2025-08-28,22.99,4878.35,366.4,3338.0,1439.0,41022.0,811.96,24088.0
2025-08-29,22.94,5121.0,367.7,3397.0,1441.9,41149.99,810.97,24896.0
2025-09-02,22.99,5435.0,366.9,3398.0,1440.0,40954.0,810.0,24600.0
2025-09-03,22.7,5767.95,367.9,3377.0,1442.5,40700.0,810.04,24850.0
2025-09-04,22.34,5628.89,368.8,3389.0,1447.76,40700.01,815.0,24878.0
2025-09-05,22.5,5479.98,378.0,3389.9,1443.61,40602.0,817.0,24770.0
2025-09-08,22.27,5638.99,379.88,3394.9,1442.01,40305.0,817.0,25981.97
2025-09-09,21.15,5520.0,376.49,3387.0,1443.0,40300.0,819.9,25993.0
2025-09-10,21.68,5515.0,372.33,3404.89,1443.5,40100.0,815.0,26162.8
2025-09-11,21.05,5600.0,371.48,3404.0,1459.45,40000.0,822.0,26584.0
2025-09-12,21.15,5519.0,376.83,3385.99,1458.0,39999.97,818.0,26600.0
2025-09-15,22.25,5390.0,376.7,3370.01,1455.5,40192.0,819.9,26600.0
2025-09-16,21.14,5085.0,375.99,3341.12,1455.0,40185.0,821.42,27870.0
2025-09-17,21.1,4988.98,374.35,3335.0,1455.69,40179.8,820.46,26999.99
2025-09-18,21.14,5056.0,374.69,3350.0,1456.8,39799.0,820.89,27600.0
2025-09-19,20.92,5020.02,358.99,3348.0,1456.0,39520.0,819.1,27100.0
2025-09-22,20.04,5049.99,357.9,3307.0,1455.5,39799.99,829.96,27510.0
2025-09-23,19.44,5070.07,358.71,3326.47,1454.11,40097.0,826.0,27536.0
2025-09-24,19.93,5142.84,358.01,3325.98,1457.9,39750.0,838.05,27594.99
2025-09-25,19.88,5307.0,357.99,3325.99,1459.7,39725.0,850.0,27298.0
2025-09-26,18.56,5189.0,357.31,3305.01,1464.9,39724.97,846.98,27517.0
2025-09-29,15.99,5211.0,356.41,3304.92,1478.57,39499.97,844.95,28100.0
2025-09-30,13.74,5110.5,354.6,3300.0,1475.01,39200.0,864.0,28449.99
2025-10-01,16.75,5080.0,363.99,3310.0,1480.0,39300.0,858.0,29448.9
2025-10-02,17.7,5080.0,361.0,3301.0,1480.99,39210.1,863.48,29357.99
2025-10-03,16.26,5070.0,362.8,3309.85,1481.99,39500.0,869.87,28903.03
2025-10-06,16.0,5040.0,364.79,3320.05,1480.0,39301.1,866.29,28450.0
2025-10-07,15.13,5000.0,364.48,3320.3,1481.7,39592.0,866.8,28803.0
2025-10-08,13.93,4901.0,364.0,3343.99,1480.0,39691.98,863.0,28898.82
2025-10-09,13.51,5039.0,365.92,3326.51,1481.02,39698.0,865.99,29622.22
2025-10-10,13.83,5017.0,364.78,3295.01,1484.0,39700.0,857.01,30064.55
2025-10-13,14.0,4954.0,360.91,3331.85,1483.0,39501.12,864.99,29750.0
2025-10-14,13.88,4860.0,357.77,3297.03,1484.0,39360.36,831.01,29699.97
2025-10-15,13.5,4780.01,357.5,3380.0,1482.0,39340.0,850.0,30165.0
2025-10-16,13.4,4692.99,361.75,3390.0,1482.0,39449.99,858.03,30698.89
2025-10-17,13.24,4693.02,358.08,3414.4,1484.5,39272.0,869.5,30240.0
2025-10-20,13.25,4719.95,356.5,3398.0,1482.15,39270.0,869.46,28639.86
2025-10-21,13.25,4693.06,356.69,3399.99,1485.0,39324.99,860.01,28593.0
2025-10-22,12.89,4675.0,356.0,3365.11,1479.01,39112.01,854.6,27566.0
2025-10-23,12.3,4600.0,354.8,3366.13,1449.75,39111.98,855.0,28105.0
2025-10-24,12.68,4580.01,355.0,3382.0,1443.5,38999.9,851.0,28150.0
2025-10-28,12.6,4559.88,353.94,3363.9,1432.0,38620.02,859.8,28770.0
2025-10-29,12.37,4550.05,350.01,3360.0,1425.6,38510.01,852.01,29471.5
2025-10-30,11.9,4729.97,350.59,3345.1,1421.5,38800.0,849.99,30200.0
2025-10-31,11.41,5044.0,349.99,3353.64,1421.0,38520.0,843.9,30530.0
2025-11-03,11.45,5213.0,349.9,3378.0,1419.0,38499.92,840.0,30340.0
2025-11-04,12.1,5080.05,340.69,3371.99,1418.0,38399.86,834.86,29301.0
2025-11-05,13.55,5007.99,335.0,3333.3,1406.5,38469.97,824.01,29109.6
2025-11-06,13.92,5119.99,341.21,3359.9,1402.0,38386.0,831.0,29201.0
2025-11-07,13.64,5059.99,341.97,3360.0,1411.84,38250.0,827.9,28100.0
2025-11-10,13.84,5022.0,342.72,3349.88,1409.71,37788.99,826.0,29190.0
2025-11-11,13.94,5006.01,341.98,3325.91,1404.52,37002.0,822.0,29550.0
2025-11-12,13.9,5015.5,340.0,3330.0,1402.59,37700.0,834.6,29570.0
2025-11-13,13.9,5005.0,341.25,3317.18,1399.0,37699.99,829.0,29365.01
2025-11-14,13.56,5000.01,338.5,3322.99,1398.0,37400.0,829.0,28500.0
2025-11-17,13.26,4958.99,336.4,3321.99,1396.02,37496.0,824.15,27990.0
2025-11-18,13.04,4820.0,330.59,3304.03,1392.01,37374.99,824.99,27262.99
2025-11-19,12.76,4751.02,321.99,3311.0,1390.0,36995.0,827.92,27700.02
2025-11-20,12.13,4758.8,323.9,3378.01,1390.99,37850.0,829.9,28261.0
2025-11-21,11.95,4640.9,306.53,3333.34,1387.59,38770.0,832.0,27770.0
2025-11-24,12.11,4633.0,314.1,3300.02,1382.38,38800.0,826.0,27748.4
2025-11-25,12.35,4663.43,315.9,3329.0,1388.23,39490.0,825.02,28095.0
2025-11-26,12.91,4650.0,321.96,3323.0,1392.77,39800.0,825.71,28665.0
2025-11-27,13.61,4600.0,324.92,3316.25,1399.0,40400.01,834.28,28563.0
2025-11-28,13.71,4600.0,320.0,3335.0,1395.0,40300.0,837.0,28247.99
2025-12-01,13.12,4550.06,324.8,3310.0,1399.99,40249.95,839.0,28350.0
2025-12-02,13.25,4608.0,323.8,3369.99,1404.78,40430.0,848.09,28434.99
2025-12-03,13.31,4569.93,321.5,3412.0,1406.01,40299.0,855.01,28684.88
2025-12-04,13.41,4546.02,320.53,3402.0,1405.0,40050.01,859.78,29500.0
2025-12-05,13.0,4549.99,320.2,3405.0,1425.0,40221.1,860.13,31130.1
2025-12-08,12.88,4553.0,322.46,3399.0,1423.0,40138.99,865.0,31150.01
2025-12-09,12.92,4600.0,323.0,3371.0,1428.0,40251.0,867.89,30118.2
2025-12-10,12.94,4740.0,332.01,3380.0,1430.5,40279.0,878.96,30990.0
2025-12-11,13.01,4672.05,345.95,3400.0,1446.99,40700.01,900.0,31150.0
2025-12-12,13.04,4708.01,364.8,3415.0,1450.01,41390.0,899.95,30700.0
2025-12-15,12.97,4718.98,358.0,3408.0,1456.98,41390.0,923.0,29750.0
2025-12-17,13.0,4697.0,359.9,3391.3,1467.0,41661.99,958.5,28499.99
2025-12-18,12.98,4689.99,361.7,3366.0,1465.7,42000.0,961.7,26950.0
2025-12-19,13.12,4693.0,372.0,3371.97,1469.0,42000.0,958.01,28200.0
2025-12-22,13.23,4680.0,376.41,3393.0,1474.5,42718.0,952.91,27749.0
2025-12-23,13.23,4698.99,375.98,3367.8,1476.0,42571.0,949.49,27500.0
2025-12-24,13.34,4740.0,372.6,3352.51,1495.0,42546.25,969.5,27660.0
2025-12-25,13.41,4832.99,371.02,3360.0,1505.0,42550.0,958.0,28093.0
2025-12-26,13.35,4836.98,368.95,3370.0,1515.0,42900.0,943.0,27979.99
2025-12-29,13.37,4810.99,369.5,3385.0,1533.0,42610.0,945.4,27949.0
2025-12-30,13.94,4799.99,369.84,3390.0,1545.0,43280.0,946.33,28090.0
2025-12-31,15.24,4660.0,371.59,3383.0,1555.0,43390.0,950.0,28059.0
2026-01-05,17.0,4728.75,372.22,3382.0,1550.0,43950.0,965.0,29451.0
2026-01-06,18.78,4759.99,374.5,3371.01,1536.06,44500.0,968.0,30502.05
2026-01-08,18.6,4740.0,372.8,3356.0,1516.1,44700.0,967.5,31100.02
2026-01-09,17.13,4775.0,371.0,3374.0,1504.89,44765.0,979.0,32880.0
2026-01-12,17.99,4766.0,371.0,3373.96,1493.01,44549.01,973.0,32100.1
2026-01-13,17.98,4779.0,370.99,3377.99,1474.0,44650.0,973.2,33539.99
2026-01-14,17.96,4765.0,369.99,3357.0,1476.1,44944.96,971.71,33308.01
2026-01-15,17.53,4735.01,368.47,3345.01,1473.25,44730.0,967.99,33969.99
2026-01-16,17.49,4743.99,368.39,3338.0,1477.26,44669.99,962.1,34715.0
2026-01-19,17.34,4711.0,366.2,3338.0,1477.0,44560.0,975.5,36000.0
2026-01-20,16.63,4692.0,364.0,3333.34,1475.0,44560.0,969.86,38180.0
2026-01-21,16.03,4689.95,365.43,3320.29,1474.0,44440.0,974.0,37020.01
2026-01-22,16.2,4710.0,364.4,3314.0,1476.0,44674.0,979.0,37898.0
2026-01-23,16.24,4726.0,367.0,3308.88,1471.99,44843.99,975.6,37777.0
2026-01-26,16.19,4680.0,370.0,3316.0,1472.99,44692.0,966.0,38144.0
2026-01-27,16.17,4680.4,370.02,3317.0,1472.47,44799.0,966.5,38550.0
2026-01-28,16.5,4785.1,404.0,3304.25,1472.0,44555.0,965.0,43099.0
2026-01-29,16.4,4762.0,401.09,3314.4,1471.98,44675.0,963.78,44289.0
2026-01-30,15.81,4730.51,401.88,3313.55,1471.95,44553.0,966.0,41950.0
2026-02-02,15.49,4778.0,399.37,3304.15,1471.94,44550.0,958.0,39350.0
2026-02-03,15.2,4727.0,400.31,3330.0,1470.62,44590.01,955.0,40551.0
2026-02-04,15.0,4732.0,399.79,3321.1,1467.55,44673.0,950.95,41700.0
2026-02-05,14.93,4713.9,396.7,3334.99,1468.0,44628.0,953.34,38265.0
2026-02-06,15.0,4750.07,394.97,3322.52,1464.0,44577.0,947.01,38540.0
2026-02-09,15.01,4770.0,393.98,3335.8,1467.82,44550.0,1018.0,40744.0
2026-02-10,15.0,4785.9,391.98,3358.67,1467.89,44549.9,990.46,41363.03
2026-02-11,15.04,4780.01,393.39,3372.96,1467.5,44402.0,995.0,41291.0
2026-02-12,15.05,4789.0,394.9,3387.38,1467.79,44400.01,995.49,41807.63
2026-02-13,15.12,4774.0,395.0,3389.74,1467.84,44560.0,983.78,41200.0
2026-02-16,15.27,4760.0,394.25,3388.72,1465.22,44180.0,994.98,40752.0
2026-02-17,15.19,4760.0,394.4,3384.89,1462.8,43519.18,996.98,39949.99
2026-02-18,15.21,4748.69,393.7,3384.41,1463.79,43529.0,1002.01,39700.01
2026-02-19,15.09,4736.0,394.2,3380.51,1461.03,43500.01,1002.57,40000.0
2026-02-20,15.05,4722.92,395.99,3370.11,1462.9,43565.45,1000.25,40980.8
2026-02-23,15.02,4725.0,395.48,3395.0,1463.0,43639.0,1001.24,41489.99
2026-02-24,14.92,4710.01,397.69,3395.0,1464.33,43659.0,1066.0,41191.11
2026-02-25,14.62,4734.23,400.92,3405.39,1463.8,43999.0,1054.95,41306.27
2026-02-26,14.9,4719.01,407.9,3439.0,1461.05,43890.0,1051.21,41749.0
2026-02-27,14.95,4718.0,404.5,3440.0,1461.05,43998.99,1041.88,41270.01
2026-03-02,14.63,4671.01,402.89,3421.39,1457.0,43874.0,1130.0,41635.04
2026-03-03,14.22,4680.0,399.85,3473.0,1460.0,43924.0,1140.0,40998.98
2026-03-04,14.41,4685.77,394.48,3455.0,1463.0,43750.0,1117.11,40593.77
2026-03-05,14.33,4679.99,392.96,3458.23,1461.53,43680.0,1119.71,40300.0
2026-03-06,14.36,4675.0,393.94,3419.1,1461.51,43600.0,1170.08,38797.0
2026-03-10,14.21,4670.99,394.0,3360.31,1456.0,43605.0,1250.0,40400.0
2026-03-11,14.17,4684.98,394.3,3358.01,1459.77,44700.0,1235.99,41055.0
2026-03-12,14.16,4675.44,394.99,3335.0,1459.65,44475.01,1221.5,40427.01
2026-03-13,14.1,4661.0,395.95,3343.3,1459.65,44082.12,1224.36,40079.97
2026-03-16,13.51,4650.0,389.75,3321.1,1457.0,44100.0,1269.89,37800.0
2026-03-17,13.24,4650.05,385.1,3322.0,1465.0,45080.0,1280.0,37700.0
2026-03-18,12.76,4632.0,387.0,3325.0,1460.0,44450.02,1293.0,38549.91
2026-03-19,12.67,4550.0,387.92,3316.68,1462.81,44550.0,1294.98,35355.04
2026-03-20,12.66,4550.0,389.8,3281.07,1462.8,44600.0,1255.0,36227.1
2026-03-26,12.65,4554.99,373.0,3249.59,1459.0,44380.0,1261.0,37710.0
2026-03-27,12.75,4559.78,380.53,3336.65,1459.0,44250.01,1229.98,37587.99
2026-03-30,12.66,4550.0,382.52,3327.37,1460.82,44250.01,1285.12,38094.0
2026-03-31,12.34,4550.01,380.79,3339.51,1457.87,44325.0,1248.01,37920.0
2026-04-01,12.4,4555.02,384.07,3338.0,1455.55,44150.01,1280.0,38144.44
2026-04-02,12.45,4563.56,384.0,3316.19,1454.32,44150.01,1250.0,37499.99
2026-04-03,12.35,4553.0,385.99,3305.31,1455.79,44080.0,1246.0,37500.0
