Date,Close,Open,High,Low,Volume,Change_pct
2021-01-05,212.13,215.64,215.64,211.0,41170.0,-1.63
2021-01-06,215.6,212.01,215.6,212.01,1490.0,1.64
2021-01-08,214.99,215.0,215.0,211.14,300.0,-0.28
2021-01-11,213.0,211.17,215.0,211.14,260.0,-0.93
2021-01-12,215.61,214.99,215.61,211.52,2730.0,1.23
2021-01-13,214.98,215.61,215.61,211.02,1650.0,-0.29
2021-01-14,214.8,213.1,214.99,211.53,8660.0,-0.08
2021-01-15,214.0,214.79,214.79,212.03,4070.0000000000005,-0.37
2021-01-18,214.0,214.0,214.5,212.02,1020.0,0.0
2021-01-19,210.9,214.1,214.1,210.21,2890.0,-1.45
2021-01-20,207.06,210.9,213.0,207.06,58360.0,-1.82
2021-01-21,206.2,209.0,211.6,206.1,90140.0,-0.42
2021-01-22,211.0,206.2,211.79,206.2,460.0,2.33
2021-01-25,209.19,211.7,211.7,206.0,58370.0,-0.86
2021-01-26,209.01,209.19,210.0,205.81,59930.0,-0.09
2021-01-27,209.17,209.1,210.0,206.1,1290.0,0.08
2021-01-28,205.84,206.11,210.0,205.84,230.0,-1.59
2021-01-29,210.0,205.87,210.0,205.87,130.0,2.02
2021-02-01,207.0,210.0,211.0,206.0,150.0,-1.43
2021-02-02,211.1,210.0,211.1,205.82,730.0,1.98
2021-02-03,210.0,211.0,211.25,210.0,28370.0,-0.52
2021-02-04,211.2,210.0,211.2,210.0,270.0,0.57
2021-02-05,211.0,211.2,211.2,210.0,1490.0,-0.09
2021-02-08,210.9,211.0,211.25,210.0,260.0,-0.05
2021-02-09,211.24,211.0,211.25,210.0,640.0,0.16
2021-02-10,211.2,207.1,211.24,207.1,270.0,-0.02
2021-02-11,207.95,211.2,211.2,207.01,380.0,-1.54
2021-02-12,207.1,208.1,211.2,207.0,2270.0,-0.41
2021-02-15,207.2,208.0,211.17,207.0,780.0,0.05
2021-02-16,211.0,207.2,211.17,207.2,264250.0,1.83
2021-02-17,209.0,211.0,211.15,209.0,550.0,-0.95
2021-02-18,211.16,211.0,211.16,209.0,21290.0,1.03
2021-02-19,211.15,211.15,211.15,209.0,590.0,0.0
2021-02-22,209.0,210.0,211.16,207.0,3120.0,-1.02
2021-02-23,211.16,209.0,211.16,207.01,161750.0,1.03
2021-02-24,213.0,211.16,213.21,209.0,7790.0,0.87
2021-02-25,214.0,213.0,214.24,211.51,70560.0,0.47
2021-02-26,214.0,213.22,214.0,212.0,6510.0,0.0
2021-03-01,213.22,212.0,213.22,211.51,25400.0,-0.36
2021-03-02,211.2,211.51,215.0,208.01,87940.0,-0.95
2021-03-03,217.0,213.22,217.0,212.0,686370.0,2.75
2021-03-04,220.16,216.3,220.16,212.1,111500.0,1.46
2021-03-05,218.0,216.3,220.16,215.3,89780.0,-0.98
2021-03-09,216.0,218.0,220.0,214.2,312190.0,-0.92
2021-03-10,216.0,216.0,219.99,215.0,8130.000000000001,0.0
2021-03-11,216.0,217.5,219.99,216.0,3710.0,0.0
2021-03-12,218.0,217.0,220.5,217.0,70650.0,0.93
2021-03-15,219.99,218.0,223.61,217.8,132850.0,0.91
2021-03-16,225.0,220.0,226.6,217.9,1030000.0,2.28
2021-03-17,222.01,225.0,226.6,222.0,2570.0,-1.33
2021-03-18,225.99,223.0,226.5,222.01,480.0,1.79
2021-03-19,225.0,225.05,226.5,221.0,3660.0,-0.44
2021-03-25,221.0,226.0,227.63,221.0,94520.0,-1.78
2021-03-26,227.0,226.09,230.0,223.0,123950.0,2.71
2021-03-29,232.78,229.18,235.87,228.0,117550.0,2.55
2021-03-30,236.9,232.78,236.9,232.78,36900.0,1.77
2021-03-31,235.6,236.9,236.9,233.0,5360.0,-0.55
2021-04-01,236.0,235.0,236.9,234.5,1670.0,0.17
2021-04-02,235.0,236.0,236.9,233.0,24390.0,-0.42
2021-04-05,236.0,235.0,236.9,232.0,3290.0,0.43
2021-04-06,233.51,236.0,236.0,233.0,230.0,-1.06
2021-04-07,236.88,233.51,236.9,232.5,5320.0,1.44
2021-04-08,235.0,236.88,236.9,234.0,222650.0,-0.79
2021-04-09,235.0,235.0,236.0,230.05,2000000.0,0.0
2021-04-12,232.17,235.0,235.0,232.0,1660.0,-1.2
2021-04-13,234.0,234.0,235.0,230.5,4110.0,0.79
2021-04-14,236.87,234.5,236.9,233.5,1350000.0,1.23
2021-04-15,235.49,236.0,236.86,232.0,2270.0,-0.58
2021-04-16,234.0,235.0,235.36,232.0,880.0,-0.63
2021-04-19,232.01,234.0,234.49,232.0,1510.0,-0.85
2021-04-20,233.0,233.0,233.99,232.0,1960.0,0.43
2021-04-21,233.0,233.0,236.85,232.0,653190.0,0.0
2021-04-22,236.0,233.0,236.87,233.0,691260.0,1.29
2021-04-23,234.5,234.5,234.5,232.11,250.0,-0.64
2021-04-26,231.11,234.0,234.5,230.5,30070.0,-1.45
2021-04-27,231.0,231.0,234.46,231.0,600.0,-0.05
2021-04-28,233.99,231.0,234.46,231.0,720.0,1.29
2021-04-29,233.5,233.99,234.0,232.0,2320.0,-0.21
2021-04-30,232.2,232.0,232.5,232.0,150.0,-0.56
2021-05-04,230.6,233.1,233.5,230.6,510.0,-0.69
2021-05-05,233.5,230.8,233.56,230.8,34890.0,1.26
2021-05-06,234.46,233.5,234.46,231.02,600.0,0.41
2021-05-11,235.5,234.46,236.0,233.5,7920.0,0.44
2021-05-12,240.0,235.5,240.0,235.5,111070.0,1.91
2021-05-13,246.77,241.0,247.0,241.0,25880.0,2.82
2021-05-14,247.0,246.77,247.0,244.44,4670.0,0.09
2021-05-17,251.29,247.0,251.32,247.0,61100.0,1.74
2021-05-18,254.0,251.32,254.41,251.32,63530.0,1.08
2021-05-19,253.5,254.0,255.44,253.5,7120.0,-0.2
2021-05-20,253.0,253.0,253.5,252.0,210.0,-0.2
2021-05-21,251.32,253.0,253.5,240.0,203510.0,-0.66
2021-05-24,251.31,251.32,251.32,245.0,20240.0,0.0
2021-05-25,246.0,249.99,249.99,246.0,3020.0,-2.11
2021-05-26,249.5,247.31,249.99,246.01,200320.0,1.42
2021-05-27,249.0,249.5,249.99,246.0,2400.0,-0.2
2021-05-28,250.0,249.82,250.0,246.0,510.0,0.4
2021-05-31,249.99,250.0,251.0,249.9,310.0,0.0
2021-06-01,246.25,249.0,249.99,246.12,1100.0,-1.5
2021-06-02,250.0,247.0,250.0,247.0,240550.0,1.52
2021-06-03,250.0,249.0,250.0,247.9,960.0,0.0
2021-06-04,250.0,250.0,250.0,246.1,1060.0,0.0
2021-06-07,250.0,250.0,251.32,246.1,25300.0,0.0
2021-06-08,250.0,249.99,250.65,246.15,19370.0,0.0
2021-06-09,250.0,250.0,250.0,246.15,11640.0,0.0
2021-06-10,250.0,250.0,250.65,246.16,352820.0,0.0
2021-06-11,250.6,250.0,250.65,250.0,3750.0,0.24
2021-06-14,251.32,250.6,251.32,250.6,12900.0,0.29
2021-06-15,251.0,251.01,251.32,248.0,4180.0,-0.13
2021-06-16,251.0,251.0,251.5,248.0,23380.0,0.0
2021-06-17,250.5,251.0,251.0,250.0,4130.0,-0.2
2021-06-18,250.0,250.0,250.5,248.0,4380.0,-0.2
2021-06-21,250.0,250.0,251.8,250.0,400830.0,0.0
2021-06-22,250.01,250.0,251.0,250.0,15220.0,0.0
2021-06-23,253.0,250.01,253.0,250.0,693580.0,1.2
2021-06-24,253.0,253.0,253.5,248.0,516780.0,0.0
2021-06-25,248.12,253.0,253.5,248.11,280.0,-1.93
2021-06-28,250.0,248.12,252.0,248.12,827690.0,0.76
2021-06-29,249.99,250.0,254.4,248.13,150.0,0.0
2021-06-30,248.2,249.0,250.0,248.2,130.0,-0.72
2021-07-01,249.0,250.0,250.79,247.6,1550.0,0.32
2021-07-02,250.79,249.99,250.79,249.0,500320.0,0.72
2021-07-03,251.0,250.79,251.0,250.0,240.0,0.08
2021-07-07,251.0,251.0,251.0,247.6,170.0,0.0
2021-07-08,250.0,251.0,251.0,248.01,190.0,-0.4
2021-07-09,252.0,250.0,252.5,247.87,340.0,0.8
2021-07-12,248.01,252.0,252.0,248.0,2720.0,-1.58
2021-07-13,249.0,250.99,250.99,248.01,739950.0,0.4
2021-07-14,250.0,249.0,251.0,249.0,1910.0,0.4
2021-07-15,249.99,250.0,250.99,247.86,9130.0,0.0
2021-07-16,249.0,249.99,249.99,248.3,870.0,-0.4
2021-07-19,250.0,248.5,250.0,248.5,1000000.0,0.4
2021-07-21,248.0,250.0,250.0,247.0,11510.0,-0.8
2021-07-22,250.0,248.1,250.0,248.1,250.0,0.81
2021-07-23,246.11,250.0,250.0,246.11,30720.0,-1.56
2021-07-26,252.35,246.11,252.35,246.11,14520.0,2.54
2021-07-27,246.51,252.35,252.35,246.5,54190.0,-2.31
2021-07-28,250.0,246.53,250.0,246.53,200.0,1.42
2021-07-29,249.0,250.0,250.0,246.57,140.0,-0.4
2021-07-30,249.0,249.0,249.5,246.62,160.0,0.0
2021-08-02,251.0,249.0,251.0,246.12,1130.0,0.8
2021-08-03,252.0,251.0,253.38,250.0,501210.0,0.4
2021-08-04,253.0,252.0,253.38,252.0,186730.0,0.4
2021-08-05,252.0,253.0,253.38,249.0,140.0,-0.4
2021-08-06,253.37,252.0,253.37,246.16,19240.0,0.54
2021-08-09,250.0,253.0,253.0,250.0,2690.0,-1.33
2021-08-10,251.0,250.0,253.37,250.0,15970.0,0.4
2021-08-11,253.1,251.0,254.41,251.0,1300.0,0.84
2021-08-12,259.05,254.0,259.05,253.1,144270.0,2.35
2021-08-13,269.85,259.0,270.88,256.0,160970.0,4.17
2021-08-16,277.07,269.85,277.95,269.85,59170.0,2.68
2021-08-17,277.07,277.07,285.0,277.07,96950.0,0.0
2021-08-18,279.0,277.09,280.0,275.0,56760.0,0.7
2021-08-19,274.5,278.99,278.99,273.0,35470.0,-1.61
2021-08-20,281.19,274.5,281.19,273.0,44810.0,2.44
2021-08-23,283.24,280.0,283.25,275.01,3580.0,0.73
2021-08-24,286.34,283.24,286.34,283.24,67590.0,1.09
2021-08-25,286.0,286.34,286.34,286.0,350.0,-0.12
2021-08-26,286.33,286.0,286.34,283.5,1010000.0,0.12
2021-08-27,285.0,286.34,290.0,285.0,1020000.0,-0.46
2021-08-31,288.0,285.0,290.0,282.1,780.0,1.05
2021-09-01,290.0,288.0,290.0,285.0,1000000.0,0.69
2021-09-02,288.0,290.0,290.46,286.0,1010000.0,-0.69
2021-09-03,290.46,288.0,290.46,282.27,35710.0,0.85
2021-09-06,294.0,291.0,294.58,291.0,520.0,1.22
2021-09-07,294.56,294.57,294.57,294.0,1590.0,0.19
2021-09-08,294.0,294.56,294.57,293.8,860.0,-0.19
2021-09-09,294.5,294.55,294.57,294.0,2790.0,0.17
2021-09-10,291.7,294.5,300.0,291.5,548660.0,-0.95
2021-09-13,298.0,291.6,300.0,291.6,6100.0,2.16
2021-09-14,295.01,298.0,299.99,295.0,10050.0,-1.0
2021-09-15,299.0,297.0,300.0,291.6,17280.0,1.35
2021-09-16,303.0,299.99,303.0,299.0,45600.0,1.34
2021-09-17,305.9,303.0,305.9,299.0,760.0,0.96
2021-09-20,301.0,305.9,305.9,300.0,470.0,-1.6
2021-09-21,305.0,301.0,305.9,298.0,1710.0,1.33
2021-09-22,305.0,305.0,305.8,298.1,5380.0,0.0
2021-09-23,298.5,304.0,305.8,298.1,5880.0,-2.13
2021-09-24,297.0,298.5,304.5,297.0,18940.0,-0.5
2021-09-27,301.0,299.0,303.0,299.0,170.0,1.35
2021-09-28,301.5,301.0,302.0,297.0,3730.0,0.17
2021-09-29,298.0,300.0,300.0,297.21,1590.0,-1.16
2021-09-30,297.21,298.0,300.0,297.1,330.0,-0.27
2021-10-01,302.0,298.0,302.0,298.0,1500.0,1.61
2021-10-04,300.0,302.0,303.8,299.0,300.0,-0.66
2021-10-05,303.0,300.0,303.9,300.0,360.0,1.0
2021-10-06,301.0,303.0,304.0,300.0,11580.0,-0.66
2021-10-07,309.0,301.0,310.0,298.01,136270.0,2.66
2021-10-08,309.0,309.0,309.0,306.05,3620.0,0.0
2021-10-11,305.0,307.0,309.0,304.5,3930.0,-1.29
2021-10-12,308.48,305.0,309.0,305.0,1860.0,1.14
2021-10-13,309.0,309.0,309.98,305.0,900.0,0.17
2021-10-14,305.0,309.8,309.8,305.0,13720.0,-1.29
2021-10-15,309.0,305.1,310.03,305.1,35530.0,1.31
2021-10-18,312.99,309.0,315.0,309.0,590.0,1.29
2021-10-19,316.0,313.0,319.0,313.0,19190.0,0.96
2021-10-20,321.55,316.0,321.55,316.0,1240.0,1.76
2021-10-21,321.01,321.55,321.55,320.0,4600.0,-0.17
2021-10-22,321.26,321.01,322.36,321.01,249490.0,0.08
2021-10-25,322.38,321.26,322.38,320.0,1190.0,0.35
2021-10-26,334.5,322.38,340.0,320.0,669230.0,3.76
2021-10-27,332.0,334.5,335.78,326.0,25470.0,-0.75
2021-10-28,332.69,332.0,332.69,330.0,270.0,0.21
2021-10-29,332.0,332.69,332.69,332.0,151380.0,-0.21
2021-11-01,332.64,332.0,332.64,329.0,3380.0,0.19
2021-11-02,312.0,332.64,332.69,312.0,39870.0,-6.2
2021-11-03,324.44,320.0,329.59,313.0,100850.0,3.99
2021-11-04,324.44,324.44,324.44,315.53,1000.0,0.0
2021-11-05,340.0,324.44,345.0,322.44,406380.0,4.8
2021-11-08,340.0,340.0,345.05,335.15,590.0,0.0
2021-11-09,344.98,340.0,345.0,335.01,3560.0,1.46
2021-11-10,345.05,344.98,345.05,344.5,2230.0,0.02
2021-11-11,340.01,345.05,345.05,340.0,390.0,-1.46
2021-11-12,347.0,340.01,347.11,340.0,23730.0,2.06
2021-11-15,347.0,346.98,347.1,339.0,1750.0,0.0
2021-11-16,347.49,347.0,347.49,340.0,95150.0,0.14
2021-11-17,350.2,347.49,350.2,347.0,1200.0,0.78
2021-11-18,351.0,350.2,351.23,350.0,4310.0,0.23
2021-11-19,350.0,351.0,351.23,341.02,760.0,-0.28
2021-11-22,347.02,349.9,356.38,341.0,30200.0,-0.85
2021-11-23,356.0,347.0,356.38,347.0,9930.0,2.59
2021-11-24,356.0,356.0,356.38,356.0,650.0,0.0
2021-11-25,356.38,356.0,356.38,351.0,17120.0,0.11
2021-11-26,357.0,356.38,359.5,356.38,660.0,0.17
2021-11-29,361.0,357.0,363.59,353.0,18750.0,1.12
2021-11-30,353.01,361.0,361.0,353.01,22980.0,-2.21
2021-12-02,360.0,353.01,363.59,353.0,5490.0,1.98
2021-12-03,365.0,360.0,365.0,359.0,12600.0,1.39
2021-12-06,369.77,365.0,369.77,359.08,12360.0,1.31
2021-12-07,371.0,370.0,371.83,369.77,3430.0,0.33
2021-12-08,371.0,371.0,371.83,371.0,180.0,0.0
2021-12-09,372.86,371.0,372.86,363.0,502050.0,0.5
2021-12-10,370.0,372.86,372.86,363.0,3310.0,-0.77
2021-12-13,376.97,370.0,376.98,363.0,10810.0,1.88
2021-12-14,380.0,376.97,388.31,376.2,29020.0,0.8
2021-12-15,382.0,377.0,388.31,377.0,440.0,0.53
2021-12-20,388.0,382.0,388.31,380.0,1500000.0,1.57
2021-12-21,388.0,388.0,388.31,381.51,131320.0,0.0
2021-12-22,388.3,388.0,388.31,388.0,900.0,0.08
2021-12-23,394.5,388.3,394.5,382.0,313510.0,1.6
2021-12-24,396.95,394.5,397.58,386.0,2510.0,0.62
2021-12-27,400.0,396.61,400.0,389.0,33840.0,0.77
2021-12-28,400.0,401.0,408.91,400.0,71640.0,0.0
2021-12-29,407.8,400.0,408.91,400.0,51050.0,1.95
2021-12-30,406.9,407.8,407.8,400.0,4070.0000000000005,-0.22
2021-12-31,398.0,406.9,406.9,397.0,1790.0,-2.19
2022-01-05,407.0,398.0,408.5,397.0,6300.0,2.26
2022-01-11,400.0,407.0,407.0,397.0,2900.0,-1.72
2022-01-12,401.0,400.0,404.99,400.0,710.0,0.25
2022-01-13,404.9,400.0,408.91,397.0,31980.0,0.97
2022-01-14,397.0,404.9,404.9,395.0,28730.0,-1.95
2022-01-17,396.0,397.0,400.0,395.0,1890.0,-0.25
2022-01-18,397.0,396.0,398.0,395.0,1460.0,0.25
2022-01-19,396.0,397.0,397.0,395.0,5790.0,-0.25
2022-01-20,396.98,396.0,397.0,396.0,300.0,0.25
2022-01-21,396.95,397.0,397.0,396.0,260.0,-0.01
2022-01-24,395.6,396.95,396.95,395.0,750.0,-0.34
2022-01-25,394.0,395.5,395.5,393.0,11030.0,-0.4
2022-01-26,394.49,394.0,394.98,393.0,450.0,0.12
2022-01-27,404.79,394.0,404.79,393.0,3980000.0,2.61
2022-01-28,393.0,404.79,404.79,393.0,650.0,-2.91
2022-01-31,403.0,393.0,404.0,393.0,160.0,2.54
2022-02-01,393.0,403.0,403.0,393.0,17390.0,-2.48
2022-02-02,394.99,393.0,400.0,380.0,67180.0,0.51
2022-02-03,388.01,394.99,400.0,388.01,26920.0,-1.77
2022-02-04,397.0,397.54,397.54,388.01,650.0,2.32
2022-02-07,395.0,397.0,397.0,388.01,300.0,-0.5
2022-02-08,395.79,396.0,396.0,388.02,1060.0,0.2
2022-02-09,396.0,395.79,396.0,390.0,450.0,0.05
2022-02-10,397.54,397.55,397.55,397.0,690.0,0.39
2022-02-11,397.0,397.58,397.58,386.01,1710.0,-0.14
2022-02-14,396.5,396.0,397.0,386.0,190.0,-0.13
2022-02-15,397.56,396.5,397.57,386.01,530.0,0.27
2022-02-16,389.11,397.56,397.57,387.01,320.0,-2.13
2022-02-17,390.0,389.1,397.55,386.01,1100.0,0.23
2022-02-18,397.55,396.0,397.58,386.0,4680.0,1.94
2022-02-21,394.9,397.55,397.57,386.0,1090.0,-0.67
2022-02-22,381.0,394.9,394.9,381.0,33350.0,-3.52
2022-02-23,385.0,382.0,385.0,381.0,3100.0,1.05
2022-02-24,376.0,381.0,385.0,370.0,41450.0,-2.34
2022-02-25,379.99,376.0,384.98,375.0,1210.0,1.06
2022-02-28,375.0,378.0,378.0,375.0,1810.0,-1.31
2022-03-01,375.0,375.0,385.0,375.0,2350.0,0.0
2022-03-02,375.01,375.0,383.0,375.0,760.0,0.0
2022-03-03,375.5,375.01,376.0,375.0,7820.0,0.13
2022-03-04,373.0,376.0,379.97,370.0,17050.0,-0.67
2022-03-05,379.99,375.0,384.18,373.0,4790.0,1.87
2022-03-09,380.0,380.0,384.19,374.01,440.0,0.0
2022-03-10,383.47,380.0,384.19,373.13,67530.0,0.91
2022-03-11,379.0,383.47,383.99,379.0,400.0,-1.17
2022-03-14,377.0,377.0,377.0,373.02,680.0,-0.53
2022-03-15,375.97,377.0,377.0,373.01,16780.0,-0.27
2022-03-16,373.0,375.0,384.19,373.0,272430.0,-0.79
2022-03-17,376.99,373.0,383.5,373.0,360.0,1.07
2022-03-18,379.99,376.99,382.98,376.0,150.0,0.8
2022-03-24,380.99,379.0,384.18,375.0,110.0,0.26
2022-03-25,379.0,380.0,383.0,373.0,1730.0,-0.52
2022-03-28,384.19,379.0,384.19,373.3,16460.0,1.37
2022-03-29,389.0,384.19,389.23,384.0,100.0,1.25
2022-03-30,388.0,389.0,389.23,378.01,230.0,-0.26
2022-03-31,389.0,388.0,389.26,378.02,1280.0,0.26
2022-04-01,390.5,389.0,390.5,378.44,17620.0,0.39
2022-04-04,392.0,390.5,393.46,382.23,16180.0,0.38
2022-04-05,394.99,393.0,395.0,386.0,7330.0,0.76
2022-04-06,385.0,395.0,395.57,385.0,18030.0,-2.53
2022-04-07,391.4,383.0,391.4,380.0,32619.999999999996,1.66
2022-04-08,391.29,391.4,391.4,380.0,1920.0,-0.03
2022-04-11,384.0,390.97,390.99,380.5,160.0,-1.86
2022-04-12,379.5,384.0,390.99,372.88,432450.0,-1.17
2022-04-13,383.99,379.5,389.99,379.0,16580.0,1.18
2022-04-14,390.0,384.0,390.37,379.02,20610.0,1.57
2022-04-15,383.0,390.0,390.0,382.13,20.0,-1.79
2022-04-18,385.99,382.01,389.99,382.01,80.0,0.78
2022-04-19,388.99,385.99,390.0,382.06,630.0,0.78
2022-04-20,385.01,388.99,391.29,382.08,350.0,-1.02
2022-04-21,389.99,393.43,393.44,387.01,11100.0,1.29
2022-04-22,391.0,390.0,393.44,390.0,540.0,0.26
2022-04-25,393.4,391.0,393.44,382.01,390.0,0.61
2022-04-26,383.0,393.4,393.4,382.0,1450.0,-2.64
2022-04-27,390.0,383.0,393.46,382.6,3530.0,1.83
2022-04-28,393.0,390.0,394.49,390.0,18230.0,0.77
2022-04-29,394.49,394.0,394.49,394.0,360.0,0.38
2022-05-03,394.0,394.49,394.49,393.0,370.0,-0.12
2022-05-04,394.49,394.49,394.49,394.0,840.0,0.12
2022-05-05,394.0,394.0,398.0,340.0,1900000.0,-0.12
2022-05-06,391.39,391.4,391.4,390.0,120.0,-0.66
2022-05-11,387.25,391.0,391.4,340.0,178510.0,-1.06
2022-05-12,387.18,387.0,387.25,380.0,150450.0,-0.02
2022-05-13,376.02,387.18,387.18,374.52,55070.0,-2.88
2022-05-16,325.01,376.0,388.0,317.0,289150.0,-13.57
2022-05-17,380.0,376.02,387.26,376.0,630.0,16.92
2022-05-18,380.0,380.0,387.26,376.05,498400.0,0.0
2022-05-19,387.21,380.0,387.23,377.12,140.0,1.9
2022-05-20,387.21,387.21,387.21,382.68,2450.0,0.0
2022-05-23,387.17,387.0,387.2,376.0,75570.0,-0.01
2022-05-24,375.01,387.0,387.2,375.0,17870.0,-3.14
2022-05-25,385.96,375.03,385.98,375.03,280080.0,2.92
2022-05-26,384.58,385.96,385.96,376.0,80.0,-0.36
2022-05-27,375.0,376.14,385.91,375.0,16140.0,-2.49
2022-05-30,375.16,375.0,383.9,375.0,280.0,0.04
2022-05-31,381.0,375.24,381.98,375.24,130.0,1.56
2022-06-01,375.02,375.16,384.0,375.0,6690.0,-1.57
2022-06-02,381.0,375.46,382.85,375.05,170.0,1.59
2022-06-03,380.86,375.07,381.74,375.07,110.0,-0.04
2022-06-06,376.0,380.0,380.86,375.13,5660.0,-1.28
2022-06-07,383.48,376.0,383.88,376.0,107670.0,1.99
2022-06-08,382.19,380.01,384.0,375.08,480.0,-0.34
2022-06-09,382.0,382.16,382.16,375.13,521429.99999999994,-0.05
2022-06-10,384.0,382.0,385.99,382.0,2070.0,0.52
2022-06-13,385.86,384.0,386.24,377.01,106100.0,0.48
2022-06-14,385.75,385.0,385.86,377.01,11520.0,-0.03
2022-06-15,378.0,385.0,385.0,378.0,900.0,-2.01
2022-06-16,385.0,378.0,385.5,377.08,393420.0,1.85
2022-06-17,395.0,384.5,398.0,377.02,39140.0,2.6
2022-06-20,408.0,395.0,419.0,395.0,1150000.0,3.29
2022-06-21,408.11,408.0,418.83,407.97,15460.0,0.03
2022-06-22,416.5,408.01,418.7,408.0,350.0,2.06
2022-06-23,417.0,417.0,419.19,416.5,480970.0,0.12
2022-06-24,425.25,417.0,425.39,410.08,1150000.0,1.98
2022-06-27,420.0,425.24,425.39,413.06,910.0,-1.23
2022-06-28,418.88,420.0,424.0,414.01,250.0,-0.27
2022-06-29,419.9,418.0,419.99,414.07,1350.0,0.24
2022-06-30,430.54,419.0,430.54,415.0,17390.0,2.53
2022-07-01,427.11,430.54,441.86,418.03,1160000.0,-0.8
2022-07-04,430.0,438.98,439.0,425.0,19460.0,0.68
2022-07-05,436.71,431.0,436.71,431.0,490.0,1.56
2022-07-07,434.0,436.71,436.71,432.0,990.0,-0.62
2022-07-08,436.7,432.01,436.71,424.0,334550.0,0.62
2022-07-11,436.7,436.7,436.71,428.01,1160.0,0.0
2022-07-12,439.0,436.71,439.0,434.7,19380.0,0.53
2022-07-13,445.0,442.0,450.11,439.0,24650.0,1.37
2022-07-14,450.1,447.0,450.1,447.0,130.0,1.15
2022-07-15,450.1,450.1,451.14,450.1,8170.0,0.0
2022-07-18,444.01,451.0,453.2,441.95,15900.0,-1.35
2022-07-19,456.01,453.2,460.41,443.16,17250.0,2.7
2022-07-20,460.0,456.0,460.41,450.02,610.0,0.87
2022-07-21,460.0,460.0,460.41,451.15,400.0,0.0
2022-07-22,460.0,455.26,460.41,455.12,113740.0,0.0
2022-07-25,460.2,460.0,460.41,457.0,238510.0,0.04
2022-07-26,460.41,465.0,465.0,447.0,14100.0,0.05
2022-07-27,461.0,460.41,472.77,459.0,122500.0,0.13
2022-07-28,471.99,461.0,471.99,461.0,930.0,2.38
2022-07-29,471.99,471.99,471.99,466.0,420.0,0.0
2022-08-01,471.97,471.0,472.76,470.0,890.0,0.0
2022-08-02,471.5,471.02,472.77,471.0,360.0,-0.1
2022-08-03,472.75,471.5,472.77,469.0,1310.0,0.27
2022-08-04,472.5,472.75,472.75,472.0,340.0,-0.05
2022-08-05,472.5,472.0,472.5,466.0,490.0,0.0
2022-08-08,472.0,472.49,472.49,459.01,2760.0,-0.11
2022-08-09,472.75,470.0,472.75,460.16,370.0,0.16
2022-08-10,471.0,472.75,472.75,467.53,820.0,-0.37
2022-08-11,480.0,471.0,490.0,471.0,49410.0,1.91
2022-08-12,490.0,480.0,490.0,475.1,504810.0,2.08
2022-08-15,480.0,487.27,490.0,479.02,69550.0,-2.04
2022-08-16,479.0,480.0,488.17,479.0,4390.0,-0.21
2022-08-17,480.0,479.1,487.93,479.01,1270.0,0.21
2022-08-18,510.0,480.0,510.88,479.01,43500.0,6.25
2022-08-19,525.29,503.05,525.3,503.05,402010.0,3.0
2022-08-22,525.3,525.0,525.3,511.16,387800.0,0.0
2022-08-23,520.09,525.0,525.3,515.03,1430.0,-0.99
2022-08-24,521.01,520.1,525.3,520.1,389390.0,0.18
2022-08-25,525.0,522.0,525.3,522.0,960540.0,0.77
2022-08-26,513.6,525.0,527.36,513.6,902120.0,-2.17
2022-08-31,527.0,527.0,528.39,515.1,14750.0,2.61
2022-09-01,520.0,528.38,528.39,513.53,1850000.0,-1.33
2022-09-02,528.38,527.0,531.48,527.0,73240.0,1.61
2022-09-05,537.5,527.0,537.66,522.01,13480.0,1.73
2022-09-06,561.28,537.49,561.35,536.0,31160.0,4.42
2022-09-07,567.0,561.34,570.54,550.0,16800.0,1.02
2022-09-08,598.49,567.0,598.82,567.0,40910.0,5.55
2022-09-09,599.0,593.28,600.0,580.01,16430.0,0.09
2022-09-12,601.51,599.46,601.51,582.16,13500.0,0.42
2022-09-13,607.7,601.5,607.7,595.1,34660.0,1.03
2022-09-14,605.0,607.7,610.3,602.01,31770.0,-0.44
2022-09-15,607.63,610.29,611.81,590.0,75170.0,0.43
2022-09-16,604.5,605.0,607.67,590.0,3160000.0,-0.52
2022-09-19,592.0,604.0,606.95,590.19,820.0,-2.07
2022-09-20,597.0,592.0,600.0,590.0,1580.0,0.84
2022-09-21,595.0,597.0,598.52,590.0,5250.0,-0.34
2022-09-22,594.97,595.0,595.0,590.0,1190.0,-0.01
2022-09-23,597.95,598.49,598.57,591.06,1190.0,0.5
2022-09-26,591.12,597.0,597.95,588.0,20530.0,-1.14
2022-09-27,588.01,591.12,596.5,588.0,3300.0,-0.53
2022-09-28,589.6,589.0,605.63,588.0,15510.0,0.27
2022-09-29,596.99,589.5,603.0,588.01,240780.0,1.25
2022-09-30,589.0,596.98,596.99,588.0,17360.0,-1.34
2022-10-03,596.99,589.0,606.0,588.0,629710.0,1.36
2022-10-04,600.77,597.0,605.64,586.0,18680.0,0.63
2022-10-05,615.0,600.0,615.0,586.89,463820.0,2.37
2022-10-06,630.0,615.0,630.0,601.14,182650.0,2.44
2022-10-07,620.11,629.99,630.0,612.13,1030.0,-1.57
2022-10-10,633.0,620.03,650.0,612.17,170490.0,2.08
2022-10-11,643.0,637.57,646.84,623.99,1360000.0,1.58
2022-10-12,642.0,642.84,645.0,635.0,710.0,-0.16
2022-10-13,644.49,642.0,646.84,636.47,241840.0,0.39
2022-10-14,638.04,644.49,644.49,637.93,1230.0,-1.0
2022-10-17,645.87,638.04,646.84,620.04,85110.0,1.23
2022-10-18,637.0,645.87,645.87,532.0,51420.0,-1.37
2022-10-19,626.01,633.98,637.96,626.0,13650.0,-1.73
2022-10-20,623.99,626.01,628.0,622.0,39470.0,-0.32
2022-10-21,631.0,633.0,633.0,622.0,18400.0,1.12
2022-10-22,623.55,631.0,639.99,622.02,400.0,-1.18
2022-10-26,625.0,622.0,640.0,620.01,31190.0,0.23
2022-10-27,623.95,625.0,634.8,623.0,770.0,-0.17
2022-10-28,626.99,623.55,627.01,618.0,20830.0,0.49
2022-10-31,620.0,627.0,634.54,618.0,950.0,-1.11
2022-11-01,622.6,625.0,627.96,618.0,1690.0,0.42
2022-11-02,622.95,622.99,622.99,618.0,9300.0,0.06
2022-11-03,615.31,622.95,627.9,615.0,9220.0,-1.23
2022-11-04,623.0,619.0,630.0,616.38,710.0,1.25
2022-11-07,615.1,630.0,630.0,615.0,4210.0,-1.27
2022-11-08,615.0,616.0,616.0,615.0,520.0,-0.02
2022-11-09,615.6,616.0,619.96,615.0,1150.0,0.1
2022-11-10,616.0,615.6,616.98,614.0,21900.0,0.06
2022-11-11,615.0,616.87,616.98,613.0,3180.0,-0.16
2022-11-14,614.5,613.02,615.0,613.0,2550.0,-0.08
2022-11-15,614.99,615.0,634.55,562.0,126720.0,0.08
2022-11-16,614.2,612.01,627.15,612.01,500.0,-0.13
2022-11-17,625.0,614.19,627.25,614.19,390.0,1.76
2022-11-18,612.17,616.02,627.27,612.05,600.0,-2.05
2022-11-21,611.99,612.22,620.0,609.0,2330.0,-0.03
2022-11-22,614.55,613.0,626.98,609.0,890.0,0.42
2022-11-23,609.02,612.0,617.99,609.02,3440.0,-0.9
2022-11-24,610.0,609.02,616.78,609.02,18280.0,0.16
2022-11-25,615.0,614.0,615.0,610.0,5820.0,0.82
2022-11-28,609.0,610.1,615.0,609.0,12110.0,-0.98
2022-11-29,609.77,610.0,610.0,607.0,11420.0,0.13
2022-11-30,607.01,609.0,619.89,600.0,19050.0,-0.45
2022-12-01,610.0,607.0,618.11,551.0,490.0,0.49
2022-12-02,619.0,610.0,624.99,610.0,470.0,1.48
2022-12-05,618.0,619.0,620.0,607.0,155880.0,-0.16
2022-12-06,617.0,618.0,619.7,617.0,570.0,-0.16
2022-12-07,619.61,619.0,619.7,608.39,410.0,0.42
2022-12-08,619.52,619.0,619.65,607.0,4320.0,-0.01
2022-12-09,619.0,618.0,619.9,609.55,570.0,-0.08
2022-12-12,615.0,619.0,621.0,610.14,1610.0,-0.65
2022-12-13,616.99,620.49,620.49,612.5,22150.0,0.32
2022-12-14,622.0,612.72,625.0,612.71,400.0,0.81
2022-12-15,621.0,621.0,625.21,612.51,590.0,-0.16
2022-12-19,616.0,620.0,625.0,612.7,1040.0,-0.81
2022-12-20,635.0,616.0,635.0,615.02,12200.0,3.08
2022-12-21,635.44,634.0,635.5,617.0,23790.0,0.07
2022-12-22,631.96,635.0,635.44,619.07,130.0,-0.55
2022-12-23,625.0,631.0,631.0,620.02,2060.0,-1.1
2022-12-26,637.0,625.0,645.87,622.04,38440.0,1.92
2022-12-27,631.0,626.26,643.75,626.26,2890.0,-0.94
2022-12-28,637.0,630.05,643.75,630.05,1110.0,0.95
2022-12-29,640.0,643.69,643.75,630.05,20250.0,0.47
2022-12-30,640.0,641.0,641.0,631.19,1190.0,0.0
2023-01-04,639.97,640.0,641.8,632.0,1820.0,0.0
2023-01-05,633.18,639.0,640.95,633.18,350.0,-1.06
2023-01-06,633.24,633.18,640.0,633.05,2130.0,0.01
2023-01-09,638.0,633.24,639.0,633.24,480.0,0.75
2023-01-10,634.98,635.0,635.0,630.0,2990.0,-0.47
2023-01-11,633.84,635.0,637.94,630.01,390.0,-0.18
2023-01-12,630.01,634.0,641.98,630.0,8800.0,-0.6
2023-01-13,631.0,635.99,636.0,630.0,4850.0,0.16
2023-01-16,630.15,634.6,634.6,630.0,260.0,-0.13
2023-01-17,634.0,630.15,634.55,630.01,2080.0,0.61
2023-01-18,633.85,634.29,634.48,630.0,2220.0,-0.02
2023-01-19,633.49,633.0,633.8,630.0,12750.0,-0.06
2023-01-20,628.01,632.99,633.43,628.0,2250.0,-0.87
2023-01-23,630.0,628.01,631.0,628.0,540.0,0.32
2023-01-24,630.0,630.5,630.5,628.0,660.0,0.0
2023-01-25,628.03,631.5,631.5,628.01,150.0,-0.31
2023-01-26,629.0,629.74,630.99,628.03,87570.0,0.15
2023-01-27,630.99,628.03,631.0,628.0,1170.0,0.32
2023-01-30,634.8,630.99,634.8,628.0,580.0,0.6
2023-01-31,634.69,634.8,634.8,629.75,380.0,-0.02
2023-02-01,628.08,634.0,634.64,628.0,500.0,-1.04
2023-02-02,628.01,629.0,632.98,628.0,3630.0,-0.01
2023-02-03,628.02,628.02,632.95,628.01,940.0,0.0
2023-02-06,628.0,630.0,630.9,628.0,1040.0,0.0
2023-02-07,632.7,628.0,632.75,570.0,259690.0,0.75
2023-02-08,632.47,631.0,632.75,628.01,670.0,-0.04
2023-02-09,632.48,632.75,632.75,628.01,11750.0,0.0
2023-02-10,628.18,632.47,632.47,628.0,250.0,-0.68
2023-02-13,630.0,628.04,631.97,628.0,1040.0,0.29
2023-02-14,628.14,630.0,631.83,628.03,870.0,-0.3
2023-02-15,630.0,630.0,631.67,628.14,410.0,0.3
2023-02-16,628.03,630.0,631.6,628.03,380.0,-0.31
2023-02-17,628.02,630.0,630.0,628.01,740.0,0.0
2023-02-20,628.5,629.98,629.98,628.0,7100.0,0.08
2023-02-21,628.0,628.5,629.97,628.0,390.0,-0.08
2023-02-22,628.01,628.0,629.5,577.05,480.0,0.0
2023-02-23,628.01,628.0,628.1,628.0,690.0,0.0
2023-02-24,628.0,628.0,629.0,628.0,9830.0,0.0
2023-02-27,631.72,629.0,631.73,628.0,42130.0,0.59
2023-02-28,630.0,631.72,631.72,628.0,38470.0,-0.27
2023-03-01,629.9,631.5,631.5,628.0,27300.0,-0.02
2023-03-02,630.34,628.0,631.0,628.0,16250.0,0.07
2023-03-03,630.0,630.32,631.3,628.0,10450.0,-0.05
2023-03-06,658.37,630.0,660.0,577.01,136610.0,4.5
2023-03-07,642.0,658.3,658.3,640.01,290.0,-2.49
2023-03-09,640.13,656.66,656.66,640.09,1080.0,-0.29
2023-03-10,640.09,640.09,649.88,640.09,460.0,-0.01
2023-03-13,642.51,640.09,649.4,640.09,460.0,0.38
2023-03-14,640.5,642.51,649.45,640.09,3740.0,-0.31
2023-03-15,640.23,640.5,649.87,640.1,120.0,-0.04
2023-03-16,640.1,640.1,649.4,640.09,200.0,-0.02
2023-03-17,641.0,640.2,650.0,640.2,140.0,0.14
2023-03-20,645.0,640.09,655.79,640.09,340.0,0.62
2023-03-24,649.72,641.53,653.77,641.53,230.0,0.73
2023-03-27,648.8,649.7,649.7,641.56,380.0,-0.14
2023-03-28,656.85,648.8,656.85,640.2,4730.0,1.24
2023-03-29,670.01,656.85,674.65,650.0,17390.0,2.0
2023-03-30,680.83,670.02,680.83,670.02,1190000.0,1.61
2023-03-31,680.0,680.83,680.83,674.7,1500.0,-0.12
2023-04-03,680.0,680.0,680.0,674.7,910.0,0.0
2023-04-04,679.71,680.0,680.0,661.0,1260.0,-0.04
2023-04-05,665.05,678.96,678.96,661.4,150.0,-2.16
2023-04-06,683.92,677.95,683.92,663.9,16520.0,2.84
2023-04-07,675.19,683.92,683.92,675.19,290.0,-1.28
2023-04-10,683.9,683.92,683.92,675.19,670.0,1.29
2023-04-11,682.0,683.0,683.9,678.0,780.0,-0.28
2023-04-12,680.0,682.0,683.9,664.01,590.0,-0.29
2023-04-13,683.88,683.89,683.9,675.05,240.0,0.57
2023-04-14,683.9,683.88,683.9,681.0,130.0,0.0
2023-04-17,680.0,683.9,683.9,675.0,5450.0,-0.57
2023-04-18,631.02,677.09,683.89,630.0,12000.0,-7.2
2023-04-19,683.89,664.04,683.89,664.03,109930.0,8.38
2023-04-20,683.9,683.9,683.92,671.25,12930.0,0.0
2023-04-21,695.0,683.5,695.0,675.0,56720.0,1.62
2023-04-24,685.0,695.0,697.31,678.04,2570.0,-1.44
2023-04-25,680.0,685.0,685.0,677.0,920.0,-0.73
2023-04-26,689.0,680.0,690.0,679.0,76450.0,1.32
2023-04-27,695.0,689.0,697.31,680.12,1470.0,0.87
2023-04-28,685.0,694.99,695.0,680.91,1540.0,-1.44
2023-05-02,693.48,697.31,697.31,677.01,33410.0,1.24
2023-05-03,680.0,693.5,693.5,677.07,5070.0,-1.94
2023-05-04,684.84,680.0,684.97,679.02,230.0,0.71
2023-05-05,684.9,686.0,686.0,680.01,220.0,0.01
2023-05-10,684.95,684.9,693.0,677.0,14190.0,0.01
2023-05-11,676.0,685.0,685.9,676.0,13870.0,-1.31
2023-05-12,683.76,684.6,684.65,676.0,420.0,1.15
2023-05-15,682.68,683.76,683.8,676.14,680.0,-0.16
2023-05-16,682.99,682.68,686.0,676.0,37760.0,0.05
2023-05-17,679.0,684.0,686.0,679.0,4140.0,-0.58
2023-05-18,676.79,679.0,691.0,676.01,76810.0,-0.33
2023-05-19,683.95,676.8,686.0,676.8,117020.0,1.06
2023-05-22,681.6,683.95,683.95,676.0,37300.0,-0.34
2023-05-23,677.0,681.0,681.0,676.0,224910.0,-0.67
2023-05-24,676.0,677.0,683.95,676.0,127150.0,-0.15
2023-05-25,680.99,681.2,681.2,674.05,11010.0,0.74
2023-05-26,679.98,680.9,681.14,674.0,10420.0,-0.15
2023-05-29,679.84,680.0,680.98,674.01,200.0,-0.02
2023-05-30,679.76,679.85,679.85,674.03,530.0,-0.01
2023-05-31,681.2,679.76,681.2,674.02,880.0,0.21
2023-06-01,681.2,682.29,682.29,681.2,180.0,0.0
2023-06-02,681.98,680.0,694.22,674.1,150.0,0.11
2023-06-05,675.0,682.0,682.49,674.0,4180.0,-1.02
2023-06-06,678.0,675.0,679.75,674.0,330.0,0.44
2023-06-07,681.34,678.0,681.48,674.03,20320.0,0.49
2023-06-08,677.88,681.4,685.0,674.0,14150.0,-0.51
2023-06-09,676.99,677.88,678.88,674.0,7330.0,-0.13
2023-06-12,674.01,677.0,677.0,674.0,10140.0,-0.44
2023-06-13,675.0,674.01,675.0,674.0,8690.0,0.15
2023-06-14,675.1,675.0,678.0,673.6,360.0,0.01
2023-06-15,675.0,675.0,680.0,672.0,1310.0,-0.01
2023-06-16,679.0,672.0,682.5,672.0,104500.0,0.59
2023-06-19,681.48,678.99,681.48,672.05,230.0,0.37
2023-06-20,674.05,682.0,682.5,674.05,330.0,-1.09
2023-06-21,673.0,677.0,682.49,672.1,20140.0,-0.16
2023-06-22,673.13,673.11,682.47,673.0,660.0,0.02
2023-06-23,672.08,673.0,682.42,672.02,110.0,-0.16
2023-06-26,672.1,672.08,673.01,672.08,590.0,0.0
2023-06-27,682.0,673.0,682.39,672.09,930.0,1.47
2023-06-29,673.02,682.0,682.43,672.52,1340.0,-1.32
2023-06-30,679.97,673.02,682.17,673.02,380.0,1.03
2023-07-01,692.16,680.0,692.16,680.0,9590.0,1.79
2023-07-03,680.0,682.5,690.0,675.0,4940.0,-1.76
2023-07-04,685.0,680.0,689.99,672.03,19620.0,0.74
2023-07-05,676.99,685.0,685.0,673.0,620.0,-1.17
2023-07-10,687.8,680.0,687.8,680.0,550.0,1.6
2023-07-11,689.97,680.0,689.99,677.0,1900.0,0.32
2023-07-12,689.0,689.97,689.97,680.13,610.0,-0.14
2023-07-13,685.5,683.08,689.97,681.0,11750.0,-0.51
2023-07-14,682.53,685.5,688.98,681.07,410.0,-0.43
2023-07-17,688.0,685.0,688.98,682.53,410.0,0.8
2023-07-18,687.98,688.98,688.98,686.0,490.0,0.0
2023-07-19,687.99,684.0,688.0,684.0,950.0,0.0
2023-07-20,688.0,687.0,688.0,685.0,850.0,0.0
2023-07-21,687.99,688.0,688.0,686.0,2770.0,0.0
2023-07-24,685.01,688.0,688.0,685.0,510.0,-0.43
2023-07-25,688.99,685.1,689.99,682.57,2060.0,0.58
2023-07-26,687.99,689.0,689.0,682.78,380.0,-0.15
2023-07-27,686.99,687.99,687.99,685.0,460.0,-0.15
2023-07-28,686.98,686.99,686.99,685.2,730.0,0.0
2023-07-31,686.98,686.98,686.98,680.01,5650.0,0.0
2023-08-01,686.0,686.98,686.98,680.02,3650.0,-0.14
2023-08-02,686.89,686.0,686.98,686.0,3750.0,0.13
2023-08-03,686.0,686.8,686.98,686.0,5480.0,-0.13
2023-08-04,684.0,686.0,686.98,680.0,4450.0,-0.29
2023-08-07,685.0,684.0,686.98,684.0,1000.0,0.15
2023-08-08,684.99,685.0,689.0,680.15,850.0,0.0
2023-08-09,685.5,685.0,685.5,684.99,1340.0,0.07
2023-08-10,685.0,685.5,687.0,685.0,1500.0,-0.07
2023-08-11,685.0,686.0,687.0,684.99,1350.0,0.0
2023-08-14,682.0,685.0,685.0,680.27,2380.0,-0.44
2023-08-15,682.02,682.0,689.0,682.0,1060.0,0.0
2023-08-16,684.0,685.0,685.0,680.33,1650.0,0.29
2023-08-17,684.0,685.0,685.0,683.0,540.0,0.0
2023-08-18,685.02,684.0,692.1,672.0,14400.0,0.15
2023-08-21,689.0,686.0,692.09,686.0,1800.0,0.58
2023-08-22,689.91,689.0,692.09,672.0,8630.0,0.13
2023-08-23,690.0,690.0,692.16,686.2,20270.0,0.01
2023-08-24,693.0,690.0,695.24,687.0,11800.0,0.43
2023-08-25,693.0,693.0,693.0,689.0,8140.000000000001,0.0
2023-08-28,690.0,691.0,693.0,681.01,1110.0,-0.43
2023-08-29,689.94,690.0,690.0,685.16,5770.0,-0.01
2023-08-31,693.0,689.0,693.0,686.1,6160.0,0.44
2023-09-01,690.0,693.0,693.5,686.15,960.0,-0.43
2023-09-04,686.35,690.0,692.0,686.22,1750.0,-0.53
2023-09-05,688.0,686.5,694.0,686.35,490.0,0.24
2023-09-06,690.0,688.0,694.0,688.0,830.0,0.29
2023-09-07,691.99,690.0,695.0,688.0,15830.0,0.29
2023-09-08,694.99,691.99,694.99,691.99,830.0,0.43
2023-09-11,692.0,694.99,694.99,691.0,2190.0,-0.43
2023-09-12,694.99,692.0,695.25,692.0,10620.0,0.43
2023-09-13,694.99,695.0,695.0,694.0,2120.0,0.0
2023-09-14,694.99,695.0,695.25,690.0,1450.0,0.0
2023-09-15,695.0,694.99,695.0,690.0,12530.0,0.0
2023-09-18,693.51,695.0,698.0,690.07,16870.0,-0.21
2023-09-19,697.98,694.0,698.0,694.0,490.0,0.64
2023-09-20,702.07,697.98,705.53,697.0,25390.0,0.59
2023-09-21,712.76,703.0,747.0,702.07,26330.0,1.52
2023-09-22,712.76,712.76,712.76,712.0,4210.0,0.0
2023-09-25,712.0,712.75,712.75,710.0,11040.0,-0.11
2023-09-26,712.76,712.0,712.76,708.0,14600.0,0.11
2023-09-27,710.0,702.07,712.76,700.2,3780.0,-0.39
2023-09-28,712.0,710.0,712.0,702.1,460.0,0.28
2023-09-29,730.0,712.0,730.0,708.0,53000.0,2.53
2023-10-02,721.0,720.99,721.0,710.0,42710.0,-1.23
2023-10-03,724.95,721.0,724.95,710.83,11450.0,0.55
2023-10-04,725.0,721.0,725.0,715.0,520809.99999999994,0.01
2023-10-05,718.4,725.0,725.0,718.4,3430.0,-0.91
2023-10-06,725.0,718.4,726.14,718.4,30030.0,0.92
2023-10-09,725.0,725.0,726.14,720.01,1750.0,0.0
2023-10-10,726.15,725.0,726.15,720.16,26700.0,0.16
2023-10-11,731.0,726.15,746.5,726.15,20030.0,0.67
2023-10-12,747.85,731.0,800.0,729.04,46970.0,2.31
2023-10-13,754.99,747.85,754.99,728.52,33670.0,0.95
2023-10-16,761.18,754.99,789.95,752.0,40820.0,0.82
2023-10-17,789.83,761.17,789.83,757.0,64090.0,3.76
2023-10-18,820.0,789.0,824.99,780.0,64340.0,3.82
2023-10-19,837.0,820.38,839.44,780.0,99520.0,2.07
2023-10-20,838.79,837.0,839.0,830.0,7430.0,0.21
2023-10-23,839.0,838.7,839.0,830.07,37930.0,0.03
2023-10-24,838.9,839.0,839.0,816.6,29030.0,-0.01
2023-10-26,839.0,838.9,839.0,830.96,8029.999999999999,0.01
2023-10-27,846.67,839.0,850.0,832.0,24400.0,0.91
2023-10-30,846.0,846.67,847.0,839.51,2350.0,-0.08
2023-10-31,835.0,846.0,848.7,833.0,7150.0,-1.3
2023-11-01,847.5,835.0,847.83,833.0,2490.0,1.5
2023-11-02,865.18,847.5,865.19,847.49,26350.0,2.09
2023-11-03,865.2,865.19,865.2,857.0,13110.0,0.0
2023-11-06,867.26,865.0,867.26,858.17,14200.0,0.24
2023-11-07,871.98,867.26,875.5,860.29,15320.0,0.54
2023-11-08,881.9,872.99,883.74,871.98,26620.0,1.14
2023-11-09,886.1,881.9,915.84,881.9,35970.0,0.48
2023-11-10,890.98,886.1,892.95,885.0,12960.0,0.55
2023-11-13,888.5,890.9,890.99,875.0,9020.0,-0.28
2023-11-14,891.0,888.0,891.0,880.05,7490.0,0.28
2023-11-15,893.0,892.25,893.0,891.0,6100.0,0.22
2023-11-16,889.0,893.0,893.0,888.0,4940.0,-0.45
2023-11-17,893.0,889.0,893.01,889.0,16090.0,0.45
2023-11-20,891.99,893.0,893.0,889.1,5690.0,-0.11
2023-11-21,899.0,891.99,899.18,889.1,38060.0,0.79
2023-11-22,892.87,899.17,899.17,892.09,8680.0,-0.68
2023-11-23,898.99,892.89,899.09,892.89,29910.0,0.69
2023-11-24,905.33,899.19,909.5,894.2,31300.0,0.71
2023-11-27,923.45,905.34,923.58,905.33,55860.0,2.0
2023-11-28,967.99,923.5,967.99,923.0,69660.0,4.82
2023-11-29,975.0,942.45,992.57,942.45,113130.0,0.72
2023-11-30,976.05,975.5,989.82,975.5,20760.0,0.11
2023-12-01,999.0,984.9,999.1,976.06,61460.0,2.35
2023-12-04,1101.97,999.0,1119.0,999.0,113520.0,10.31
2023-12-05,1165.0,1105.0,1180.0,1101.97,124060.0,5.72
2023-12-06,1180.06,1167.99,1200.0,1167.0,80270.0,1.29
2023-12-07,1176.47,1181.0,1198.0,1155.01,66540.0,-0.3
2023-12-08,1000.0,1176.0,1176.0,989.0,120020.0,-15.0
2023-12-11,1079.97,1173.51,1173.51,1059.93,27750.0,8.0
2023-12-12,1050.0,1079.98,1081.49,1030.1,53790.0,-2.78
2023-12-13,1028.0,1050.0,1059.0,1020.3,33120.0,-2.1
2023-12-14,1019.91,1028.0,1028.0,1000.02,101640.0,-0.79
2023-12-15,1000.0,1020.0,1029.99,995.03,57460.0,-1.95
2023-12-19,999.02,999.01,1000.0,999.01,3620.0,-0.1
2023-12-20,996.51,999.02,1004.0,995.03,4250.0,-0.25
2023-12-21,987.7,997.0,1024.85,960.0,1670000.0,-0.88
2023-12-22,994.5,987.7,998.82,985.0,4280.0,0.69
2023-12-25,980.0,994.5,995.9,963.75,76070.0,-1.46
2023-12-26,980.0,980.0,989.9,977.01,3610.0,0.0
2023-12-27,970.0,980.0,989.98,962.1,26550.0,-1.02
2023-12-28,975.5,975.0,980.0,975.0,7990.0,0.57
2023-12-29,977.06,975.5,997.95,975.0,37990.0,0.16
2024-01-03,993.0,977.05,993.93,977.0,14830.0,1.63
2024-01-04,1050.02,993.0,1086.65,993.0,78490.0,5.74
2024-01-05,1075.0,1055.0,1084.0,1055.0,7930.0,2.38
2024-01-08,1078.84,1075.0,1086.65,1075.0,14420.0,0.36
2024-01-09,1059.99,1080.0,1084.0,1059.99,25690.0,-1.75
2024-01-10,1064.84,1059.99,1066.84,1058.0,34340.0,0.46
2024-01-11,1070.01,1065.0,1080.0,1064.84,5160.0,0.49
2024-01-12,1071.22,1076.99,1081.5,1070.03,5950.0,0.11
2024-01-15,1063.0,1072.0,1079.89,1060.0,6140.0,-0.77
2024-01-16,1060.0,1063.0,1064.95,1055.02,7870.0,-0.28
2024-01-17,1061.0,1060.0,1077.94,1050.0,11010.0,0.09
2024-01-18,1059.0,1061.97,1061.98,1048.0,12810.0,-0.19
2024-01-19,1058.99,1059.0,1059.75,1046.01,10140.0,0.0
2024-01-22,1069.76,1058.99,1077.36,1050.01,18360.0,1.02
2024-01-23,1069.0,1070.65,1077.0,1060.0,3160.0,-0.07
2024-01-24,1064.0,1069.0,1077.38,1062.0,4210.0,-0.47
2024-01-25,1064.11,1063.03,1069.99,1062.04,3370.0,0.01
2024-01-26,1062.0,1064.11,1070.0,1053.0,1900.0,-0.2
2024-01-29,1060.0,1062.0,1066.0,1050.0,6580.0,-0.19
2024-01-30,1051.15,1060.0,1067.99,1050.07,4120.0,-0.83
2024-01-31,1056.0,1051.12,1059.0,1046.0,31540.0,0.46
2024-02-01,1052.01,1056.0,1061.11,1046.0,7300.0,-0.38
2024-02-02,1061.0,1061.0,1061.1,1051.1,13020.0,0.85
2024-02-05,1057.97,1061.0,1061.0,1052.04,31290.0,-0.29
2024-02-06,1055.0,1057.0,1059.99,1052.08,14970.0,-0.28
2024-02-07,1060.0,1056.0,1062.0,1050.0,4080.0,0.47
2024-02-08,1060.0,1061.0,1063.0,1051.12,13780.0,0.0
2024-02-09,1071.0,1060.0,1074.94,1055.2,7690.0,1.04
2024-02-12,1099.74,1071.5,1101.99,1071.5,465690.0,2.68
2024-02-13,1152.92,1100.0,1169.98,1099.74,47590.0,4.84
2024-02-14,1182.0,1153.39,1239.0,1152.92,90700.0,2.52
2024-02-15,1235.0,1183.0,1239.69,1183.0,51700.0,4.48
2024-02-16,1241.83,1236.0,1254.5,1210.02,58570.0,0.55
2024-02-19,1362.1,1241.82,1379.9,1241.01,104220.0,9.68
2024-02-20,1487.0,1362.1,1487.0,1362.1,111640.0,9.17
2024-02-21,1373.0,1483.2,1559.86,1315.01,87950.0,-7.67
2024-02-22,1455.93,1469.99,1469.99,1380.0,65420.0,6.04
2024-02-23,1469.0,1468.9,1499.0,1451.0,43410.0,0.9
2024-02-26,1459.0,1469.0,1486.0,1450.04,7460.0,-0.68
2024-02-27,1470.25,1459.94,1484.8,1450.0,32310.000000000004,0.77
2024-02-28,1483.2,1470.25,1493.5,1470.25,4970.0,0.88
2024-02-29,1469.03,1483.0,1492.0,1465.0,303390.0,-0.96
2024-03-01,1519.0,1473.0,1519.99,1469.03,26420.0,3.4
2024-03-04,1585.86,1515.0,1597.0,1472.11,58200.0,4.4
2024-03-05,1665.0,1586.86,1667.47,1586.01,52160.0,4.99
2024-03-06,1740.55,1665.1,1750.0,1665.0,73450.0,4.54
2024-03-07,1738.08,1761.29,1777.98,1600.0,319580.0,-0.14
2024-03-11,1744.02,1738.09,1751.0,1738.0,28930.0,0.34
2024-03-12,1702.0,1744.02,1745.0,1700.0,39250.0,-2.41
2024-03-13,1581.25,1707.0,1707.0,1539.0,57180.0,-7.09
2024-03-14,1649.0,1581.0,1679.84,1560.01,23940.0,4.28
2024-03-15,1629.8,1650.0,1671.0,1600.01,31110.0,-1.16
2024-03-18,1599.98,1629.8,1648.0,1582.0,16800.0,-1.83
2024-03-19,1584.99,1599.95,1599.99,1570.01,78820.0,-0.94
2024-03-20,1555.01,1584.99,1615.0,1555.0,43770.0,-1.89
2024-03-26,1534.0,1555.01,1601.65,1515.0,214010.0,-1.35
2024-03-27,1501.01,1533.5,1559.0,1501.01,53360.0,-2.15
2024-03-28,1514.0,1501.01,1535.0,1501.01,34080.0,0.87
2024-03-29,1506.97,1514.0,1536.0,1500.1,28680.0,-0.46
2024-04-01,1620.0,1506.97,1648.99,1506.97,29630.0,7.5
2024-04-02,1649.99,1630.0,1707.0,1630.0,21370.0,1.85
2024-04-03,1602.0,1650.5,1650.5,1600.0,7900.0,-2.91
2024-04-04,1596.98,1602.0,1609.0,1575.01,14000.0,-0.31
2024-04-05,1595.0,1595.0,1622.25,1590.01,3330.0,-0.12
2024-04-08,1605.99,1595.0,1622.21,1594.21,3450.0,0.69
2024-04-09,1613.65,1605.99,1631.0,1600.0,2120.0,0.48
2024-04-10,1614.77,1624.99,1627.99,1601.0,9160.0,0.07
2024-04-11,1609.99,1627.0,1627.0,1600.0,8119.999999999999,-0.3
2024-04-12,1606.0,1600.0,1609.0,1590.0,8170.0,-0.25
2024-04-15,1598.0,1606.0,1606.0,1590.1,2029.9999999999998,-0.5
2024-04-16,1582.0,1598.0,1598.0,1580.02,8160.0,-1.0
2024-04-17,1594.99,1582.0,1606.0,1581.1,8060.000000000001,0.82
2024-04-18,1569.99,1590.0,1608.0,1553.0,13050.0,-1.57
2024-04-19,1559.9,1560.0,1570.0,1540.11,29020.0,-0.64
2024-04-22,1535.0,1559.0,1584.99,1530.25,7960.0,-1.6
2024-04-23,1540.0,1535.0,1575.9,1531.0,5250.0,0.33
2024-04-24,1531.0,1540.0,1575.89,1530.22,8300.0,-0.58
2024-04-25,1546.07,1531.11,1575.9,1531.1,53650.0,0.98
2024-04-26,1567.75,1556.0,1575.9,1547.0,234220.0,1.4
2024-04-29,1570.0,1567.75,1596.5,1550.0,23240.0,0.14
2024-04-30,1571.0,1570.02,1596.0,1550.0,13340.0,0.06
2024-05-02,1585.0,1571.0,1596.5,1571.0,4830.0,0.89
2024-05-03,1581.21,1585.0,1606.76,1580.02,21220.0,-0.24
2024-05-04,1595.0,1583.0,1598.0,1581.01,5520.0,0.87
2024-05-06,1597.98,1595.0,1600.0,1580.0,9460.0,0.19
2024-05-10,1625.31,1597.98,1625.31,1590.09,9080.0,1.71
2024-05-13,1654.99,1626.0,1669.98,1606.32,18920.0,1.83
2024-05-14,1635.0,1655.0,1655.0,1630.13,2440.0,-1.21
2024-05-15,1655.0,1635.0,1660.0,1635.0,4890.0,1.22
2024-05-16,1649.99,1655.0,1655.0,1640.43,2390.0,-0.3
2024-05-17,1641.0,1650.0,1650.0,1636.36,1270.0,-0.54
2024-05-20,1700.0,1641.0,1719.98,1636.56,31140.0,3.6
2024-05-21,1776.99,1700.1,1784.97,1700.1,59800.0,4.53
2024-05-22,1819.99,1766.99,1850.0,1760.0,49070.0,2.42
2024-05-23,1764.0,1819.99,1829.98,1760.0,22100.0,-3.08
2024-05-24,1750.1,1760.0,1776.74,1725.0,9150.0,-0.79
2024-05-27,1781.9,1750.0,1781.9,1747.6,6340.0,1.82
2024-05-28,1803.0,1781.9,1818.99,1781.0,6960.0,1.18
2024-05-29,1798.92,1803.0,1803.0,1780.0,8140.000000000001,-0.23
2024-05-30,1820.0,1820.0,1878.69,1800.0,66890.0,1.17
2024-05-31,1765.0,1820.0,1820.0,1765.0,22930.0,-3.02
2024-06-03,1797.35,1765.1,1814.84,1765.1,10570.0,1.83
2024-06-04,1800.0,1797.35,1808.0,1790.0,36120.0,0.15
2024-06-05,1829.0,1797.35,1879.0,1797.1,44640.0,1.61
2024-06-06,1840.0,1839.97,1852.0,1829.0,17630.0,0.6
2024-06-07,1841.94,1841.0,1849.2,1810.01,4920.0,0.11
2024-06-10,1840.0,1842.0,1842.0,1820.26,9150.0,-0.11
2024-06-11,1840.0,1850.0,1853.99,1825.01,25860.0,0.0
2024-06-12,1826.11,1840.0,1849.79,1826.0,10030.0,-0.75
2024-06-13,1820.39,1826.02,1839.0,1820.0,4590.0,-0.31
2024-06-14,1833.0,1820.4,1839.99,1820.0,2290.0,0.69
2024-06-17,1832.0,1833.0,1833.0,1820.01,2830.0,-0.05
2024-06-18,1824.6,1833.0,1833.0,1800.0,14210.0,-0.4
2024-06-19,1829.0,1825.0,1832.89,1803.02,1660.0,0.24
2024-06-20,1825.0,1828.95,1830.57,1806.4,1510.0,-0.22
2024-06-21,1816.07,1825.83,1833.0,1813.0,4680.0,-0.49
2024-06-24,1800.61,1816.08,1825.0,1787.03,13910.0,-0.85
2024-06-25,1808.0,1801.0,1820.0,1800.23,2100.0,0.41
2024-06-26,1800.01,1808.0,1828.89,1797.07,10670.0,-0.44
2024-06-27,1819.0,1800.03,1823.81,1800.03,8310.0,1.05
2024-06-28,1816.0,1819.0,1823.95,1812.0,2620.0,-0.16
2024-07-01,1817.0,1816.5,1828.0,1816.0,2610.0,0.06
2024-07-02,1817.02,1817.0,1824.98,1816.0,4670.0,0.0
2024-07-03,1847.91,1819.0,1850.94,1817.04,13420.0,1.7
2024-07-04,1892.0,1850.0,1899.0,1850.0,27480.0,2.39
2024-07-05,1960.21,1892.0,1987.99,1890.0,31880.0,3.61
2024-07-09,1950.0,1960.21,1972.42,1930.55,22220.0,-0.52
2024-07-10,1955.0,1972.32,1972.32,1933.04,9240.0,0.26
2024-07-11,1986.99,1955.0,2090.0,1955.0,41300.0,1.64
2024-07-12,1987.02,1996.99,2068.0,1980.01,25100.0,0.0
2024-07-15,2009.0,1989.0,2049.99,1985.0,30030.0,1.11
2024-07-16,1998.0,2008.0,2009.0,1995.09,26140.0,-0.55
2024-07-17,1995.0,1998.0,2013.64,1991.0,13350.0,-0.15
2024-07-18,1995.0,1995.0,2013.64,1994.0,13120.0,0.0
2024-07-19,1994.99,1995.0,1999.0,1992.03,6050.0,0.0
2024-07-22,1995.0,1994.99,1999.0,1992.03,8360.0,0.0
2024-07-23,1995.0,1995.0,2094.55,1990.0,32659.999999999996,0.0
2024-07-24,1995.0,1996.0,1996.0,1967.0,4590.0,0.0
2024-07-25,1994.0,1995.0,1995.0,1980.0,2510.0,-0.05
2024-07-26,1994.99,1994.0,2005.0,1970.05,5190.0,0.05
2024-07-29,1994.5,1993.48,2000.0,1965.0,5520.0,-0.02
2024-07-30,1980.02,1994.97,2013.0,1980.0,3320.0,-0.73
2024-07-31,1995.0,1981.0,2000.0,1980.0,101950.0,0.76
2024-08-01,1995.0,1995.0,2000.0,1980.0,83120.0,0.0
2024-08-02,1991.01,1995.0,2000.0,1979.31,5610.0,-0.2
2024-08-05,1931.0,1980.0,1991.01,1840.2,32700.000000000004,-3.01
2024-08-06,1950.0,1931.0,1957.0,1916.0,5160.0,0.98
2024-08-07,1975.8,1949.99,1977.57,1918.62,7180.0,1.32
2024-08-08,1975.0,1976.0,1977.58,1970.0,2000.0,-0.04
2024-08-09,1977.0,1975.0,1998.2,1950.0,4480.0,0.1
2024-08-12,1984.88,1978.0,1998.19,1926.0,6960.0,0.4
2024-08-13,1991.8,1984.8,1996.89,1940.01,6200.0,0.35
2024-08-14,1994.99,1995.0,2017.16,1990.0,12960.0,0.16
2024-08-15,1994.99,1995.0,1998.2,1940.01,4200.0,0.0
2024-08-16,1993.0,1994.0,1994.99,1960.0,4770.0,-0.1
2024-08-19,1970.13,1993.0,1995.0,1965.02,4100.0,-1.15
2024-08-20,1989.99,1971.03,1989.99,1965.0,4640.0,1.01
2024-08-21,1985.01,1994.99,1994.99,1965.0,4820.0,-0.25
2024-08-22,1995.0,1985.01,1998.0,1985.01,5770.0,0.5
2024-08-23,1994.79,1998.0,1998.0,1976.04,1090.0,-0.01
2024-08-26,2009.08,1995.0,2040.0,1986.0,8950.0,0.72
2024-08-27,2003.0,1998.2,2009.0,1990.07,7960.0,-0.3
2024-08-28,1994.97,2002.0,2015.0,1990.07,7480.0,-0.4
2024-08-29,1994.96,1995.0,1995.0,1990.0,22330.0,0.0
2024-09-02,1992.0,1994.96,2009.21,1975.05,6700.0,-0.15
2024-09-03,1991.9,2000.0,2000.0,1986.0,2290.0,-0.01
2024-09-04,1959.87,1991.9,2000.0,1945.05,20020.0,-1.61
2024-09-05,1946.0,1959.87,1959.87,1944.0,4370.0,-0.71
2024-09-06,1974.99,1946.0,1986.0,1936.0,4180.0,1.49
2024-09-09,1965.01,1974.99,1983.99,1951.09,2290.0,-0.51
2024-09-10,1949.0,1969.97,1969.97,1940.0,4090.0,-0.81
2024-09-11,1930.0,1949.0,1960.0,1910.51,16000.0,-0.97
2024-09-12,1914.99,1950.0,1962.15,1900.01,8400.0,-0.78
2024-09-13,1958.91,1946.06,1959.9,1915.01,2550.0,2.29
2024-09-16,1956.79,1958.91,1958.91,1922.0,3420.0,-0.11
2024-09-17,1952.0,1957.0,1962.15,1937.01,1600.0,-0.24
2024-09-18,1954.0,1953.0,1962.15,1939.01,3870.0,0.1
2024-09-19,1937.0,1957.99,1958.87,1937.0,2790.0,-0.87
2024-09-20,1925.0,1937.0,1945.0,1918.0,2550.0,-0.62
2024-09-23,1919.0,1925.0,1945.0,1914.08,16410.0,-0.31
2024-09-24,1929.0,1919.0,1944.0,1680.0,14460.0,0.52
2024-09-25,1922.5,1929.0,1932.0,1908.0,12540.0,-0.34
2024-09-26,1918.0,1922.5,1923.0,1905.0,3910.0,-0.23
2024-09-27,1918.0,1918.0,1923.0,1915.0,1720.0,0.0
2024-09-30,1905.0,1918.0,1920.0,1903.01,23240.0,-0.68
2024-10-01,1910.0,1905.01,1919.03,1905.01,5580.0,0.26
2024-10-02,1918.84,1930.99,1930.99,1907.0,5040.0,0.46
2024-10-03,1917.49,1919.99,1924.98,1909.0,810.0,-0.07
2024-10-04,1918.97,1917.49,1919.99,1910.06,1320.0,0.08
2024-10-07,1921.0,1918.97,1932.0,1905.01,11550.0,0.11
2024-10-08,1916.06,1921.0,1929.88,1915.06,1450.0,-0.26
2024-10-09,1920.0,1915.08,1928.94,1915.0,3980.0,0.21
2024-10-10,1918.25,1920.98,1920.98,1910.13,10160.0,-0.09
2024-10-11,1914.0,1910.3,1920.49,1910.3,1530.0,-0.22
2024-10-14,1915.0,1914.0,1920.86,1910.3,3280.0,0.05
2024-10-15,1912.0,1915.0,1919.98,1910.0,4620.0,-0.16
2024-10-16,1910.5,1913.0,1920.0,1910.0,3030.0,-0.08
2024-10-17,1918.0,1915.0,1924.99,1907.0,1820.0,0.39
2024-10-18,1910.2,1918.0,1919.99,1910.1,2880.0,-0.41
2024-10-21,1917.99,1910.2,1931.0,1910.12,3940.0,0.41
2024-10-22,1910.22,1917.79,1917.98,1910.12,3040.0,-0.41
2024-10-23,1926.8,1910.22,1928.99,1910.22,3390.0,0.87
2024-10-24,1950.1,1926.0,1962.15,1916.01,4040.0,1.21
2024-10-28,1957.99,1951.0,1961.92,1940.1,3440.0,0.4
2024-10-29,1956.99,1957.99,1958.0,1940.01,1310.0,-0.05
2024-10-30,1951.89,1956.99,1958.0,1942.0,1650.0,-0.26
2024-10-31,1945.0,1951.0,1959.92,1942.0,1160.0,-0.35
2024-11-01,1956.75,1942.0,1959.0,1926.12,1990.0,0.6
2024-11-04,1939.98,1957.0,1961.0,1927.12,3100.0,-0.86
2024-11-05,1940.0,1940.0,1959.98,1930.0,13090.0,0.0
2024-11-06,1940.0,1940.0,1940.0,1929.0,11800.0,0.0
2024-11-07,1939.99,1940.0,1940.0,1925.0,8170.0,0.0
2024-11-08,1940.0,1939.0,1940.0,1936.0,12700.0,0.0
2024-11-11,1934.0,1940.0,1940.0,1925.0,7300.0,-0.31
2024-11-12,1981.99,1934.99,1982.75,1934.0,17010.0,2.48
2024-11-13,1982.75,1980.0,1982.75,1960.02,14080.0,0.04
2024-11-14,1982.75,1962.12,1987.9,1962.12,14980.0,0.0
2024-11-15,1985.98,1960.0,1987.9,1960.0,10220.0,0.16
2024-11-18,1980.0,1985.0,1985.0,1939.0,2990.0,-0.3
2024-11-19,1979.0,1980.0,1987.9,1978.99,8310.0,-0.05
2024-11-20,1985.0,1979.0,1986.99,1940.0,2520.0,0.3
2024-11-21,2010.6,1985.0,2098.99,1985.0,31500.0,1.29
2024-11-22,2073.9,2011.0,2098.83,2010.61,52450.0,3.15
2024-11-25,2119.76,2073.9,2119.95,2072.0,16660.0,2.21
2024-11-26,2184.0,2120.0,2198.93,2119.0,27860.0,3.03
2024-11-27,2131.5,2185.0,2200.0,2113.0,31590.0,-2.4
2024-11-28,2150.0,2131.49,2162.95,2100.0,8900.0,0.87
2024-11-29,2148.0,2150.0,2160.0,2125.0,10780.0,-0.09
2024-12-02,2160.2,2154.0,2182.0,2154.0,3850.0,0.57
2024-12-03,2163.0,2160.2,2169.47,2155.01,6620.0,0.13
2024-12-04,2159.99,2120.0,2169.47,2120.0,6450.0,-0.14
2024-12-05,2150.0,2160.01,2180.99,2136.03,36170.0,-0.46
2024-12-06,2160.0,2150.0,2179.99,2122.03,26640.0,0.47
2024-12-09,2149.99,2160.0,2183.6,2145.0,4740.0,-0.46
2024-12-10,2136.0,2149.0,2149.0,1910.08,9090.0,-0.65
2024-12-11,2142.05,2136.0,2162.99,2125.56,5320.0,0.28
2024-12-12,2156.9,2142.05,2160.0,2142.05,20140.0,0.69
2024-12-13,2150.0,2156.9,2159.98,2137.0,6050.0,-0.32
2024-12-17,2149.42,2140.1,2159.99,2140.1,12400.0,-0.03
2024-12-18,2151.98,2149.5,2162.95,2142.6,4590.0,0.12
2024-12-19,2134.99,2151.98,2154.94,2101.0,13190.0,-0.79
2024-12-20,2142.99,2135.0,2147.99,2133.0,3820.0,0.37
2024-12-23,2130.12,2142.99,2143.0,2106.01,6520.0,-0.6
2024-12-24,2140.0,2130.12,2142.99,2125.06,4290.0,0.46
2024-12-25,2148.6,2143.0,2149.94,2132.0,12770.0,0.4
2024-12-26,2143.0,2148.0,2154.89,2138.0,20580.0,-0.26
2024-12-27,2179.0,2150.0,2197.0,2141.6,19020.0,1.68
2024-12-30,2190.86,2179.0,2273.0,2170.0,28500.0,0.54
2024-12-31,2186.99,2163.0,2227.0,2150.0,17450.0,-0.18
2025-01-05,2210.95,2186.99,2249.96,2185.0,8170.0,1.1
2025-01-06,2292.1,2211.0,2400.0,2211.0,56180.0,3.67
2025-01-08,2397.89,2295.0,2480.0,2295.0,41220.0,4.62
2025-01-09,2452.01,2400.01,2474.99,2400.0,35350.0,2.26
2025-01-10,2541.0,2452.01,2550.0,2445.0,79890.0,3.63
2025-01-13,2549.99,2529.92,2637.0,2529.92,31490.0,0.35
2025-01-14,2569.91,2554.4,2619.99,2550.02,24940.0,0.78
2025-01-15,2585.0,2569.89,2585.0,2569.0,98390.0,0.59
2025-01-16,2638.5,2585.0,2698.9,2585.0,56050.0,2.07
2025-01-17,2688.5,2638.5,2695.0,2638.5,57550.0,1.9
2025-01-20,2760.39,2689.0,2848.9,2689.0,62810.0,2.67
2025-01-21,2654.0,2761.0,2761.01,2500.0,54640.0,-3.85
2025-01-22,2750.0,2664.99,2782.0,2664.99,26070.0,3.62
2025-01-23,2748.77,2749.99,2782.9,2711.46,9940.0,-0.04
2025-01-24,2738.98,2748.0,2758.99,2720.11,6640.0,-0.36
2025-01-27,2718.89,2738.99,2748.97,2711.81,14200.0,-0.73
2025-01-28,2675.0,2719.0,2734.99,2550.0,31310.0,-1.61
2025-01-29,2692.0,2674.0,2694.99,2674.0,19620.0,0.64
2025-01-30,2668.98,2691.99,2692.0,2640.0,6350.0,-0.86
2025-01-31,2679.0,2670.0,2679.99,2640.01,5720.0,0.38
2025-02-03,2591.0,2679.0,2690.0,2580.0,28520.0,-3.28
2025-02-04,2590.0,2595.0,2620.0,2570.0,20620.0,-0.04
2025-02-05,2560.0,2610.0,2610.0,2531.0,12270.0,-1.16
2025-02-06,2477.09,2560.0,2560.0,2475.0,33230.0,-3.24
2025-02-07,2578.0,2477.0,2579.0,2476.0,32150.0,4.07
2025-02-10,2658.92,2578.03,2667.69,2507.04,18200.0,3.14
2025-02-11,2637.0,2660.0,2689.0,2580.03,16410.0,-0.82
2025-02-12,2649.99,2636.99,2654.0,2603.01,25230.0,0.49
2025-02-13,2661.0,2657.39,2714.0,2622.68,7700.0,0.42
2025-02-14,2645.0,2661.0,2679.0,2622.72,12060.0,-0.6
2025-02-17,2635.0,2645.0,2668.99,2620.12,10960.0,-0.38
2025-02-18,2649.99,2630.0,2668.98,2616.0,7030.0,0.57
2025-02-19,2650.0,2650.0,2659.0,2631.08,6750.0,0.0
2025-02-20,2630.01,2650.0,2657.99,2621.04,5930.0,-0.75
2025-02-21,2670.0,2630.1,2677.98,2630.01,20630.0,1.52
2025-02-24,2657.98,2670.0,2677.99,2640.0,8010.0,-0.45
2025-02-25,2659.0,2657.98,2667.89,2642.23,6630.0,0.04
2025-02-26,2663.99,2659.0,2664.0,2643.13,5100.0,0.19
2025-02-27,2660.03,2663.0,2668.0,2641.08,2730.0,-0.15
2025-02-28,2680.0,2660.0,2700.0,2641.08,13370.0,0.75
2025-03-03,2792.86,2680.0,2794.87,2680.0,49300.0,4.21
2025-03-04,2866.2,2800.0,2947.9,2800.0,42710.0,2.63
2025-03-05,2885.0,2868.0,2900.0,2820.77,30730.0,0.66
2025-03-06,2847.0,2885.0,2899.0,2826.1,25120.0,-1.32
2025-03-07,2850.0,2850.0,2894.0,2830.0,28010.0,0.11
2025-03-11,2800.0,2850.0,2889.93,2760.02,13630.0,-1.75
2025-03-12,2799.0,2800.0,2800.0,2767.27,5750.0,-0.04
2025-03-13,2774.99,2799.0,2800.0,2750.0,24780.0,-0.86
2025-03-14,2773.82,2774.99,2776.9,2725.0,10230.0,-0.04
2025-03-17,2836.49,2774.0,2837.0,2740.0,22880.0,2.26
2025-03-18,2783.0,2836.49,2839.95,2760.0,31970.0,-1.89
2025-03-19,2799.8,2783.0,2799.87,2770.06,13590.0,0.6
2025-03-20,2796.98,2799.79,2799.79,2752.03,11740.0,-0.1
2025-03-26,2764.11,2796.98,2800.0,2750.0,15770.0,-1.18
2025-03-27,2720.0,2765.0,2794.9,2711.0,85510.0,-1.6
2025-03-28,2707.0,2720.0,2769.99,2690.0,28230.0,-0.48
2025-03-31,2716.04,2707.0,2769.97,2701.0,28150.0,0.33
2025-04-01,2794.85,2718.01,2794.88,2718.01,26040.0,2.9
2025-04-02,2881.99,2770.69,2920.0,2746.0,97110.0,3.12
2025-04-03,2848.99,2882.97,2898.0,2825.0,24750.0,-1.15
2025-04-04,2778.77,2848.0,2848.0,2700.0,22950.0,-2.46
2025-04-07,2700.0,2750.0,2750.0,2640.0,22070.0,-2.83
2025-04-08,2742.0,2690.0,2750.0,2685.0,11270.0,1.56
2025-04-09,2712.0,2742.0,2749.49,2701.02,15810.0,-1.09
2025-04-10,2720.0,2685.0,2731.0,2651.0,18510.0,0.29
2025-04-11,2740.0,2725.0,2767.0,2660.0,20820.0,0.74
2025-04-14,2742.17,2740.0,2810.0,2715.01,38630.0,0.08
2025-04-15,2807.0,2742.6,2840.0,2736.0,17420.0,2.36
2025-04-16,2866.72,2807.0,2879.99,2796.0,30780.0,2.13
2025-04-17,2870.07,2865.55,2900.0,2802.01,50990.0,0.12
2025-04-18,2880.16,2870.2,2904.59,2850.0,36260.0,0.35
2025-04-21,2918.0,2880.16,2922.0,2870.0,15700.0,1.31
2025-04-22,2969.95,2918.0,2979.97,2901.0,9910.0,1.78
2025-04-23,2948.0,2969.95,2975.5,2902.01,6370.0,-0.74
2025-04-24,2900.0,2948.0,2948.0,2870.01,10030.0,-1.63
2025-04-25,2935.49,2900.0,2935.49,2850.0,16560.0,1.22
2025-04-28,2934.9,2933.8,2948.0,2851.01,3620.0,-0.02
2025-04-29,2898.0,2900.0,2900.0,2870.0,6090.0,-1.26
2025-04-30,2900.0,2880.0,2949.0,2870.0,20100.0,0.07
2025-05-02,2898.97,2901.01,2937.99,2890.05,8620.0,-0.04
2025-05-05,2869.0,2898.97,2899.0,2851.0,12340.0,-1.03
2025-05-06,2840.0,2868.0,2890.0,2837.0,40650.0,-1.01
2025-05-08,2850.0,2840.0,2877.0,2840.0,28820.0,0.35
2025-05-12,2868.0,2852.85,2889.13,2852.85,10540.0,0.63
2025-05-13,2865.01,2868.0,2925.19,2850.0,26550.0,-0.1
2025-05-14,2866.77,2865.0,2875.0,2840.0,16040.0,0.06
2025-05-15,2835.01,2855.0,2869.99,2835.0,23380.0,-1.11
2025-05-16,2859.5,2840.0,2869.92,2840.0,9930.0,0.86
2025-05-19,2838.0,2859.0,2859.0,2810.0,18370.0,-0.75
2025-05-20,2868.99,2838.0,2883.99,2835.0,17740.0,1.09
2025-05-21,2858.0,2860.0,2868.99,2840.01,13100.0,-0.38
2025-05-22,2880.02,2860.0,2883.0,2858.0,22320.0,0.77
2025-05-23,2974.9,2883.0,2999.0,2881.0,28510.0,3.29
2025-05-26,3040.01,2970.0,3074.9,2970.0,30850.0,2.19
2025-05-27,3090.0,3044.11,3166.98,3040.01,40180.0,1.64
2025-05-28,3111.0,3089.0,3139.93,3089.0,13120.0,0.68
2025-05-29,3070.0,3111.0,3111.0,3057.03,14250.0,-1.32
2025-05-30,3072.3,3070.01,3114.89,3070.0,17770.0,0.07
2025-06-02,3100.0,3100.0,3138.94,3073.01,20610.0,0.9
2025-06-03,3090.0,3100.0,3120.0,3073.01,16420.0,-0.32
2025-06-04,3105.0,3090.0,3138.87,3080.01,13060.0,0.49
2025-06-05,3122.0,3123.99,3124.99,3100.0,12890.0,0.55
2025-06-09,3131.95,3122.0,3140.0,3100.01,6240.0,0.32
2025-06-10,3065.0,3133.0,3174.96,3050.0,32570.0,-2.14
2025-06-11,3100.0,3067.04,3153.98,3066.0,98550.0,1.14
2025-06-12,3108.98,3100.01,3129.96,3080.0,25180.0,0.29
2025-06-13,3127.0,3109.0,3140.0,3108.0,16120.000000000002,0.58
2025-06-16,3170.0,3127.0,3175.0,3065.0,11080.0,1.38
2025-06-17,3277.0,3180.0,3280.51,3156.94,26810.0,3.38
2025-06-18,3259.0,3277.0,3306.0,3155.0,36670.0,-0.55
2025-06-19,3257.0,3258.9,3275.39,3257.0,13860.0,-0.06
2025-06-20,3310.89,3257.0,3314.0,3257.0,20050.0,1.65
2025-06-23,3312.0,3314.0,3349.98,3290.0,29330.0,0.03
2025-06-24,3317.0,3312.0,3344.49,3303.0,42570.0,0.15
2025-06-25,3320.0,3317.0,3343.99,3311.02,33370.0,0.09
2025-06-26,3330.0,3325.45,3343.99,3320.0,12410.0,0.3
2025-06-27,3378.0,3330.0,3388.6,3329.9,24130.0,1.44
2025-06-30,3400.07,3380.0,3570.0,3350.0,84800.0,0.65
2025-07-01,3450.0,3420.05,3462.94,3410.02,50450.0,1.47
2025-07-02,3448.0,3459.0,3468.99,3429.99,30970.0,-0.06
2025-07-03,3477.0,3448.0,3481.2,3402.0,38860.0,0.84
2025-07-04,3520.0,3478.0,3553.0,3450.0,41250.0,1.24
2025-07-08,3588.5,3520.0,3598.98,3520.0,73840.0,1.95
2025-07-09,3632.0,3593.9,3649.92,3589.0,28180.0,1.21
2025-07-10,3728.03,3656.49,3800.0,3635.01,125530.0,2.64
2025-07-11,3745.0,3754.2,3793.0,3725.1,61020.0,0.46
2025-07-14,3725.0,3745.0,3755.0,3710.0,97600.0,-0.53
2025-07-15,3724.96,3720.0,3747.0,3700.01,31590.0,0.0
2025-07-16,3719.99,3724.96,3734.99,3702.0,14360.0,-0.13
2025-07-17,3700.1,3714.99,3720.0,3700.1,29780.0,-0.53
2025-07-18,3714.0,3714.0,3717.95,3701.1,16079.999999999998,0.38
2025-07-21,3722.0,3714.0,3735.0,3710.01,8090.0,0.22
2025-07-22,3700.0,3722.0,3744.99,3690.0,20150.0,-0.59
2025-07-23,3718.8,3700.01,3734.65,3700.01,9940.0,0.51
2025-07-24,3715.0,3719.0,3729.99,3700.0,11340.0,-0.1
2025-07-25,3719.99,3715.01,3741.95,3692.0,28020.0,0.13
2025-07-28,3712.98,3718.0,3726.0,3700.0,13760.0,-0.19
2025-07-29,3713.84,3716.0,3725.0,3699.99,8570.0,0.02
2025-07-30,3712.5,3713.85,3739.0,3707.0,6130.0,-0.04
2025-07-31,3705.0,3713.0,3719.92,3670.0,25560.0,-0.2
2025-08-01,3700.0,3705.0,3714.99,3670.15,8870.0,-0.13
2025-08-04,3690.0,3700.0,3705.0,3677.79,7370.0,-0.27
2025-08-05,3694.0,3690.0,3715.0,3670.04,4280.0,0.11
2025-08-06,3706.0,3695.0,3729.0,3672.07,28620.0,0.32
2025-08-07,3720.9,3706.0,3729.79,3681.0,14200.0,0.4
2025-08-08,3889.99,3721.03,3980.0,3721.0,50290.0,4.54
2025-08-11,4197.0,3890.0,4340.0,3889.99,124480.0,7.89
2025-08-12,4260.0,4210.0,4487.0,4200.0,112120.0,1.5
2025-08-13,4255.0,4250.0,4289.94,4200.0,64480.00000000001,-0.12
2025-08-14,4500.0,4260.0,4550.0,4254.0,47190.0,5.76
2025-08-15,4680.0,4602.0,4749.99,4601.0,101000.0,4.0
2025-08-18,4600.0,4690.0,4733.0,4300.0,53250.0,-1.71
2025-08-19,4575.88,4589.9,4590.0,4560.0,33940.0,-0.52
2025-08-20,4560.0,4575.88,4575.9,4516.0,13590.0,-0.35
2025-08-21,4450.0,4539.9,4539.9,4305.24,44050.0,-2.41
2025-08-22,4400.03,4420.0,4420.0,4380.0,19580.0,-1.12
2025-08-25,4475.0,4420.0,4555.0,4400.0,24950.0,1.7
2025-08-26,4548.0,4500.0,4550.0,4500.0,27010.0,1.63
2025-08-27,4699.0,4550.0,4736.0,4548.01,53060.0,3.32
2025-08-28,4878.35,4699.01,4882.1,4699.01,48670.0,3.82
2025-08-29,5121.0,4878.35,5351.0,4878.35,94570.0,4.97
2025-09-02,5435.0,5142.9,5482.25,5142.9,107520.0,6.13
2025-09-03,5767.95,5489.0,5789.98,5451.01,96990.0,6.13
2025-09-04,5628.89,5822.0,5987.0,4675.29,250280.0,-2.41
2025-09-05,5479.98,5629.0,5800.0,5300.0,83200.0,-2.65
2025-09-08,5638.99,5477.0,5644.0,5477.0,43840.0,2.9
2025-09-09,5520.0,5638.99,5650.0,5500.0,41970.0,-2.11
2025-09-10,5515.0,5520.0,5578.0,5507.0,18370.0,-0.09
2025-09-11,5600.0,5600.0,5797.0,5580.0,62130.0,1.54
2025-09-12,5519.0,5600.02,5716.0,5480.0,34490.0,-1.45
2025-09-15,5390.0,5519.0,5599.98,5300.0,38020.0,-2.34
2025-09-16,5085.0,5390.0,5428.09,4970.01,64290.00000000001,-5.66
2025-09-17,4988.98,5085.0,5149.99,4900.0,72070.0,-1.89
2025-09-18,5056.0,4989.0,5197.0,4900.0,66630.0,1.34
2025-09-19,5020.02,5006.06,5089.0,5005.0,17390.0,-0.71
2025-09-22,5049.99,5005.05,5100.0,5000.01,18760.0,0.6
2025-09-23,5070.07,5049.99,5100.0,5049.99,20440.0,0.4
2025-09-24,5142.84,5095.0,5143.99,5071.13,24260.0,1.44
2025-09-25,5307.0,5100.01,5348.9,5083.0,27200.0,3.19
2025-09-26,5189.0,5307.01,5384.98,5150.2,23750.0,-2.22
2025-09-29,5211.0,5191.11,5251.0,5191.11,8390.0,0.42
2025-09-30,5110.5,5210.0,5231.0,5071.1,31570.0,-1.93
2025-10-01,5080.0,5110.0,5249.99,5056.78,19880.0,-0.6
2025-10-02,5080.0,5081.5,5149.87,5072.0,11680.0,0.0
2025-10-03,5070.0,5100.0,5103.5,5061.0,10810.0,-0.2
2025-10-06,5040.0,5080.0,5100.0,4702.0,18200.0,-0.59
2025-10-07,5000.0,5040.0,5060.0,4850.0,20300.0,-0.79
2025-10-08,4901.0,5001.0,5015.9,4849.99,66670.0,-1.98
2025-10-09,5039.0,4901.0,5044.9,4805.1,20000.0,2.82
2025-10-10,5017.0,5039.0,5129.39,4980.0,23900.0,-0.44
2025-10-13,4954.0,5010.0,5010.0,4922.94,13680.0,-1.26
2025-10-14,4860.0,4954.0,4954.0,4806.0,23720.0,-1.9
2025-10-15,4780.01,4900.0,5043.99,4780.0,36410.0,-1.65
2025-10-16,4692.99,4780.0,4799.99,4615.0,69250.0,-1.82
2025-10-17,4693.02,4690.0,4766.0,4650.0,13510.0,0.0
2025-10-20,4719.95,4692.01,4744.99,4690.0,10140.0,0.57
2025-10-21,4693.06,4719.0,4719.94,4689.0,13300.0,-0.57
2025-10-22,4675.0,4692.0,4695.0,4670.0,21020.0,-0.38
2025-10-23,4600.0,4675.0,4722.0,4532.01,89040.0,-1.6
2025-10-24,4580.01,4600.0,4629.94,4570.0,36430.0,-0.43
2025-10-28,4559.88,4580.01,4604.99,4535.0,30050.0,-0.44
2025-10-29,4550.05,4559.0,4559.99,4540.0,25650.0,-0.22
2025-10-30,4729.97,4550.0,4758.99,4550.0,11860.0,3.95
2025-10-31,5044.0,4732.0,5200.0,4732.0,68950.0,6.64
2025-11-03,5213.0,5045.0,5244.9,5045.0,66500.0,3.35
2025-11-04,5080.05,5200.0,5200.0,5050.0,12600.0,-2.55
2025-11-05,5007.99,5105.11,5158.0,4987.09,27260.0,-1.42
2025-11-06,5119.99,5007.99,5138.99,5007.99,11510.0,2.24
2025-11-07,5059.99,5149.99,5149.99,5012.0,6570.0,-1.17
2025-11-10,5022.0,5050.01,5109.97,5000.0,12670.0,-0.75
2025-11-11,5006.01,5000.0,5120.0,5000.0,8670.0,-0.32
2025-11-12,5015.5,5023.94,5079.98,5000.0,6470.0,0.19
2025-11-13,5005.0,5017.0,5050.0,5000.0,20790.0,-0.21
2025-11-14,5000.01,5005.0,5050.0,5000.0,6950.0,-0.1
2025-11-17,4958.99,5000.0,5019.98,4950.0,10950.0,-0.82
2025-11-18,4820.0,4958.9,4958.9,4750.12,23080.0,-2.8
2025-11-19,4751.02,4818.01,4893.0,4750.0,28880.0,-1.43
2025-11-20,4758.8,4750.01,4799.0,4740.0,24640.0,0.16
2025-11-21,4640.9,4730.0,4758.8,4600.0,28790.0,-2.48
2025-11-24,4633.0,4640.0,4640.9,4561.01,14010.0,-0.17
2025-11-25,4663.43,4633.0,4696.7,4560.0,7420.0,0.66
2025-11-26,4650.0,4664.0,4696.79,4618.0,5150.0,-0.29
2025-11-27,4600.0,4600.0,4600.0,4560.0,13730.0,-1.08
2025-11-28,4600.0,4603.0,4696.79,4560.02,15330.0,0.0
2025-12-01,4550.06,4600.0,4650.0,4540.0,12290.0,-1.09
2025-12-02,4608.0,4555.0,4614.94,4555.0,9060.0,1.27
2025-12-03,4569.93,4606.0,4607.0,4550.0,10440.0,-0.83
2025-12-04,4546.02,4569.0,4600.0,4540.05,7980.0,-0.52
2025-12-05,4549.99,4549.99,4550.0,4540.5,5180.0,0.09
2025-12-08,4553.0,4550.01,4598.99,4540.0,15470.0,0.07
2025-12-09,4600.0,4554.0,4600.0,4545.0,8410.0,1.03
2025-12-10,4740.0,4600.0,4789.0,4570.0,17890.0,3.04
2025-12-11,4672.05,4737.99,4737.99,4640.1,6840.0,-1.43
2025-12-12,4708.01,4676.0,4746.91,4676.0,10330.0,0.77
2025-12-15,4718.98,4709.0,4744.96,4655.05,9890.0,0.23
2025-12-17,4697.0,4690.0,4743.99,4633.0,18480.0,-0.47
2025-12-18,4689.99,4729.99,4730.0,4662.17,19580.0,-0.15
2025-12-19,4693.0,4689.99,4707.0,4669.0,9000.0,0.06
2025-12-22,4680.0,4693.0,4693.0,4630.5,72810.0,-0.28
2025-12-23,4698.99,4685.0,4700.0,4650.0,47850.0,0.41
2025-12-24,4740.0,4698.99,4800.0,4680.0,19020.0,0.87
2025-12-25,4832.99,4742.0,4849.99,4718.0,15100.0,1.96
2025-12-26,4836.98,4833.1,4920.0,4800.01,19170.0,0.08
2025-12-29,4810.99,4836.0,4836.98,4801.0,8250.0,-0.54
2025-12-30,4799.99,4811.0,4840.99,4737.02,10080.0,-0.23
2025-12-31,4660.0,4800.0,4840.97,4655.0,18760.0,-2.92
2026-01-05,4728.75,4662.0,4789.0,4650.0,5610.0,1.48
2026-01-06,4759.99,4728.75,4789.49,4680.04,12160.0,0.66
2026-01-08,4740.0,4759.99,4799.0,4704.5,13800.0,-0.42
2026-01-09,4775.0,4740.0,4795.0,4735.0,3670.0,0.74
2026-01-12,4766.0,4775.0,4819.87,4765.0,7890.0,-0.19
2026-01-13,4779.0,4755.01,4840.99,4750.0,10030.0,0.27
2026-01-14,4765.0,4770.0,4781.47,4756.15,4840.0,-0.29
2026-01-15,4735.01,4760.0,4788.5,4713.32,21810.0,-0.63
2026-01-16,4743.99,4730.0,4780.0,4720.0,4180.0,0.19
2026-01-19,4711.0,4730.0,4800.0,4700.0,12190.0,-0.7
2026-01-20,4692.0,4711.0,4750.0,4690.0,9330.0,-0.4
2026-01-21,4689.95,4690.02,4722.72,4686.0,17820.0,-0.04
2026-01-22,4710.0,4689.95,4776.88,4685.0,15960.0,0.43
2026-01-23,4726.0,4710.0,4762.1,4690.0,20540.0,0.34
2026-01-26,4680.0,4725.0,4725.0,4670.02,10000.0,-0.97
2026-01-27,4680.4,4685.0,4700.0,4670.0,15730.0,0.01
2026-01-28,4785.1,4681.0,4789.03,4660.0,26000.0,2.24
2026-01-29,4762.0,4785.1,4788.99,4750.0,37210.0,-0.48
2026-01-30,4730.51,4762.0,4776.99,4730.01,15100.0,-0.66
2026-02-02,4778.0,4730.51,4811.57,4720.0,23060.0,1.0
2026-02-03,4727.0,4777.0,4789.93,4727.0,23470.0,-1.07
2026-02-04,4732.0,4727.0,4750.96,4702.0,17590.0,0.11
2026-02-05,4713.9,4732.35,4840.99,4701.0,13010.0,-0.38
2026-02-06,4750.07,4727.98,4840.99,4714.0,57730.0,0.77
2026-02-09,4770.0,4754.0,4837.0,4728.32,91200.0,0.42
2026-02-10,4785.9,4775.0,4818.98,4750.0,6140.0,0.33
2026-02-11,4780.01,4785.9,4818.0,4768.37,7340.0,-0.12
2026-02-12,4789.0,4780.01,4815.0,4776.6,23990.0,0.19
2026-02-13,4774.0,4789.0,4789.0,4774.0,3850.0,-0.31
2026-02-16,4760.0,4764.45,4771.0,4730.52,11490.0,-0.29
2026-02-17,4760.0,4750.48,4840.99,4750.48,73870.0,0.0
2026-02-18,4748.69,4760.0,4778.0,4730.0,32820.0,-0.24
2026-02-19,4736.0,4748.69,4765.0,4730.0,20310.0,-0.27
2026-02-20,4722.92,4735.0,4779.28,4713.9,31370.0,-0.28
2026-02-23,4725.0,4723.0,4753.0,4710.0,19800.0,0.04
2026-02-24,4710.01,4726.0,4730.0,4710.0,10850.0,-0.32
2026-02-25,4734.23,4710.0,4740.51,4707.0,22550.0,0.51
2026-02-26,4719.01,4735.0,4750.0,4715.0,10550.0,-0.32
2026-02-27,4718.0,4720.0,4730.9,4716.0,14200.0,-0.02
2026-03-02,4671.01,4718.0,4718.0,4670.0,19970.0,-1.0
2026-03-03,4680.0,4684.97,4718.0,4665.0,20240.0,0.19
2026-03-04,4685.77,4679.0,4705.0,4670.0,31710.0,0.12
2026-03-05,4679.99,4685.0,4690.0,4665.51,23240.0,-0.12
2026-03-06,4675.0,4679.99,4715.96,4670.0,13770.0,-0.11
2026-03-10,4670.99,4670.01,4713.0,4650.0,21780.0,-0.09
2026-03-11,4684.98,4670.99,4701.0,4670.99,8060.000000000001,0.3
2026-03-12,4675.44,4684.0,4701.99,4670.0,11260.0,-0.2
2026-03-13,4661.0,4670.0,4687.05,4660.0,18830.0,-0.31
2026-03-16,4650.0,4661.0,4701.99,4650.0,15940.0,-0.24
2026-03-17,4650.05,4650.0,4676.16,4613.15,42190.0,0.0
2026-03-18,4632.0,4663.98,4663.98,4630.0,9220.0,-0.39
2026-03-19,4550.0,4630.0,4632.0,4425.0,64050.0,-1.77
2026-03-20,4550.0,4550.0,4599.0,4550.0,22320.0,0.0
2026-03-26,4554.99,4550.0,4560.0,4507.0,31630.0,0.11
2026-03-27,4559.78,4550.0,4574.0,4536.07,23290.0,0.11
2026-03-30,4550.0,4557.0,4584.2,4536.07,23030.0,-0.21
2026-03-31,4550.01,4550.0,4584.17,4550.0,5190.0,0.0
2026-04-01,4555.02,4551.0,4587.0,4550.0,15780.0,0.11
2026-04-02,4563.56,4556.0,4575.04,4550.0,16190.000000000002,0.19
2026-04-03,4553.0,4560.0,4563.56,4550.0,10900.0,-0.23
